ProductID,ProductName,BundleProducts,RecommendationType,Recommendation,ExpectedLift,ConfidenceScore
frozenset({'智能手表'}),frozenset({'智能手表'}),frozenset({'游戏机'}),Bundle Sale,"建议将""frozenset({'智能手表'})""与""frozenset({'游戏机'})""捆绑销售",5.160952158691055,0.3120827770360481
frozenset({'游戏机'}),frozenset({'游戏机'}),frozenset({'智能手表'}),Bundle Sale,"建议将""frozenset({'游戏机'})""与""frozenset({'智能手表'})""捆绑销售",5.160952158691054,0.309244253348768
frozenset({'枕头'}),frozenset({'枕头'}),frozenset({'餐具'}),Bundle Sale,"建议将""frozenset({'枕头'})""与""frozenset({'餐具'})""捆绑销售",5.14497283262009,0.3057142857142857
frozenset({'餐具'}),frozenset({'餐具'}),frozenset({'枕头'}),Bundle Sale,"建议将""frozenset({'餐具'})""与""frozenset({'枕头'})""捆绑销售",5.144972832620089,0.3061258835408953
frozenset({'水果'}),frozenset({'水果'}),frozenset({'零食'}),Bundle Sale,"建议将""frozenset({'水果'})""与""frozenset({'零食'})""捆绑销售",5.134686342740034,0.3083892617449664
frozenset({'零食'}),frozenset({'零食'}),frozenset({'水果'}),Bundle Sale,"建议将""frozenset({'零食'})""与""frozenset({'水果'})""捆绑销售",5.134686342740034,0.306027306027306
frozenset({'电视'}),frozenset({'电视'}),frozenset({'耳机'}),Bundle Sale,"建议将""frozenset({'电视'})""与""frozenset({'耳机'})""捆绑销售",5.126050420168068,0.305
frozenset({'耳机'}),frozenset({'耳机'}),frozenset({'电视'}),Bundle Sale,"建议将""frozenset({'耳机'})""与""frozenset({'电视'})""捆绑销售",5.126050420168068,0.307563025210084
frozenset({'零食'}),frozenset({'零食'}),frozenset({'面包'}),Bundle Sale,"建议将""frozenset({'零食'})""与""frozenset({'面包'})""捆绑销售",5.124803511900286,0.305028305028305
frozenset({'面包'}),frozenset({'面包'}),frozenset({'零食'}),Bundle Sale,"建议将""frozenset({'面包'})""与""frozenset({'零食'})""捆绑销售",5.124803511900285,0.3077956989247311
frozenset({'牛仔裤'}),frozenset({'牛仔裤'}),frozenset({'内衣'}),Bundle Sale,"建议将""frozenset({'牛仔裤'})""与""frozenset({'内衣'})""捆绑销售",5.113830842084463,0.3019205729166667
frozenset({'内衣'}),frozenset({'内衣'}),frozenset({'牛仔裤'}),Bundle Sale,"建议将""frozenset({'内衣'})""与""frozenset({'牛仔裤'})""捆绑销售",5.113830842084463,0.3141937669376693
frozenset({'花瓶'}),frozenset({'花瓶'}),frozenset({'枕头'}),Bundle Sale,"建议将""frozenset({'花瓶'})""与""frozenset({'枕头'})""捆绑销售",5.098132742245479,0.303338898163606
frozenset({'枕头'}),frozenset({'枕头'}),frozenset({'花瓶'}),Bundle Sale,"建议将""frozenset({'枕头'})""与""frozenset({'花瓶'})""捆绑销售",5.098132742245479,0.3053781512605042
frozenset({'花瓶'}),frozenset({'花瓶'}),frozenset({'床单'}),Bundle Sale,"建议将""frozenset({'花瓶'})""与""frozenset({'床单'})""捆绑销售",5.091091222623358,0.3091819699499165
frozenset({'床单'}),frozenset({'床单'}),frozenset({'花瓶'}),Bundle Sale,"建议将""frozenset({'床单'})""与""frozenset({'花瓶'})""捆绑销售",5.091091222623358,0.3049563642351391
frozenset({'香水'}),frozenset({'香水'}),frozenset({'洗面奶'}),Bundle Sale,"建议将""frozenset({'香水'})""与""frozenset({'洗面奶'})""捆绑销售",5.087712157596972,0.3054662379421222
frozenset({'洗面奶'}),frozenset({'洗面奶'}),frozenset({'香水'}),Bundle Sale,"建议将""frozenset({'洗面奶'})""与""frozenset({'香水'})""捆绑销售",5.087712157596972,0.300632911392405
frozenset({'窗帘'}),frozenset({'窗帘'}),frozenset({'收纳盒'}),Bundle Sale,"建议将""frozenset({'窗帘'})""与""frozenset({'收纳盒'})""捆绑销售",5.0837491582947605,0.306550074245174
frozenset({'收纳盒'}),frozenset({'收纳盒'}),frozenset({'窗帘'}),Bundle Sale,"建议将""frozenset({'收纳盒'})""与""frozenset({'窗帘'})""捆绑销售",5.0837491582947605,0.3081260364842454
frozenset({'速食面'}),frozenset({'速食面'}),frozenset({'饼干'}),Bundle Sale,"建议将""frozenset({'速食面'})""与""frozenset({'饼干'})""捆绑销售",5.078514114320871,0.3014605978260869
frozenset({'饼干'}),frozenset({'饼干'}),frozenset({'速食面'}),Bundle Sale,"建议将""frozenset({'饼干'})""与""frozenset({'速食面'})""捆绑销售",5.07851411432087,0.2990229110512128
frozenset({'毛巾'}),frozenset({'毛巾'}),frozenset({'灯具'}),Bundle Sale,"建议将""frozenset({'毛巾'})""与""frozenset({'灯具'})""捆绑销售",5.075981091970433,0.3007518796992481
frozenset({'灯具'}),frozenset({'灯具'}),frozenset({'毛巾'}),Bundle Sale,"建议将""frozenset({'灯具'})""与""frozenset({'毛巾'})""捆绑销售",5.075981091970433,0.3037974683544304
frozenset({'巧克力'}),frozenset({'巧克力'}),frozenset({'速食面'}),Bundle Sale,"建议将""frozenset({'巧克力'})""与""frozenset({'速食面'})""捆绑销售",5.066313106246944,0.29830451569582
frozenset({'速食面'}),frozenset({'速食面'}),frozenset({'巧克力'}),Bundle Sale,"建议将""frozenset({'速食面'})""与""frozenset({'巧克力'})""捆绑销售",5.066313106246944,0.3018002717391304
frozenset({'笔记本电脑'}),frozenset({'笔记本电脑'}),frozenset({'手机'}),Bundle Sale,"建议将""frozenset({'笔记本电脑'})""与""frozenset({'手机'})""捆绑销售",5.060355936256515,0.3026092849881396
frozenset({'手机'}),frozenset({'手机'}),frozenset({'笔记本电脑'}),Bundle Sale,"建议将""frozenset({'手机'})""与""frozenset({'笔记本电脑'})""捆绑销售",5.060355936256515,0.2986622073578595
frozenset({'饼干'}),frozenset({'饼干'}),frozenset({'零食'}),Bundle Sale,"建议将""frozenset({'饼干'})""与""frozenset({'零食'})""捆绑销售",5.060079184068402,0.3039083557951482
frozenset({'零食'}),frozenset({'零食'}),frozenset({'饼干'}),Bundle Sale,"建议将""frozenset({'零食'})""与""frozenset({'饼干'})""捆绑销售",5.060079184068402,0.3003663003663003
frozenset({'电视'}),frozenset({'电视'}),frozenset({'智能手表'}),Bundle Sale,"建议将""frozenset({'电视'})""与""frozenset({'智能手表'})""捆绑销售",5.05952380952381,0.3031666666666667
frozenset({'智能手表'}),frozenset({'智能手表'}),frozenset({'电视'}),Bundle Sale,"建议将""frozenset({'智能手表'})""与""frozenset({'电视'})""捆绑销售",5.05952380952381,0.3035714285714286
frozenset({'粉底液'}),frozenset({'粉底液'}),frozenset({'指甲油'}),Bundle Sale,"建议将""frozenset({'粉底液'})""与""frozenset({'指甲油'})""捆绑销售",5.053470402755419,0.3039662447257384
frozenset({'指甲油'}),frozenset({'指甲油'}),frozenset({'粉底液'}),Bundle Sale,"建议将""frozenset({'指甲油'})""与""frozenset({'粉底液'})""捆绑销售",5.053470402755418,0.2994181213632585
frozenset({'口红'}),frozenset({'口红'}),frozenset({'防晒霜'}),Bundle Sale,"建议将""frozenset({'口红'})""与""frozenset({'防晒霜'})""捆绑销售",5.052299813629576,0.3097565015736293
frozenset({'防晒霜'}),frozenset({'防晒霜'}),frozenset({'口红'}),Bundle Sale,"建议将""frozenset({'防晒霜'})""与""frozenset({'口红'})""捆绑销售",5.052299813629576,0.3050073397488175
frozenset({'游戏机'}),frozenset({'游戏机'}),frozenset({'相机'}),Bundle Sale,"建议将""frozenset({'游戏机'})""与""frozenset({'相机'})""捆绑销售",5.052160143622753,0.3001488341326277
frozenset({'相机'}),frozenset({'相机'}),frozenset({'游戏机'}),Bundle Sale,"建议将""frozenset({'相机'})""与""frozenset({'游戏机'})""捆绑销售",5.052160143622753,0.3055041238848678
frozenset({'毛衣'}),frozenset({'毛衣'}),frozenset({'羽绒服'}),Bundle Sale,"建议将""frozenset({'毛衣'})""与""frozenset({'羽绒服'})""捆绑销售",5.04102127552498,0.2979747675962815
frozenset({'羽绒服'}),frozenset({'羽绒服'}),frozenset({'毛衣'}),Bundle Sale,"建议将""frozenset({'羽绒服'})""与""frozenset({'毛衣'})""捆绑销售",5.04102127552498,0.3036711216376248
frozenset({'果汁'}),frozenset({'果汁'}),frozenset({'糖果'}),Bundle Sale,"建议将""frozenset({'果汁'})""与""frozenset({'糖果'})""捆绑销售",5.04004101410806,0.2999832411597117
frozenset({'糖果'}),frozenset({'糖果'}),frozenset({'果汁'}),Bundle Sale,"建议将""frozenset({'糖果'})""与""frozenset({'果汁'})""捆绑销售",5.04004101410806,0.3007392473118279
frozenset({'充电器'}),frozenset({'充电器'}),frozenset({'平板电脑'}),Bundle Sale,"建议将""frozenset({'充电器'})""与""frozenset({'平板电脑'})""捆绑销售",5.039500818017967,0.3027228141383392
frozenset({'平板电脑'}),frozenset({'平板电脑'}),frozenset({'充电器'}),Bundle Sale,"建议将""frozenset({'平板电脑'})""与""frozenset({'充电器'})""捆绑销售",5.039500818017966,0.2979856833694023
frozenset({'香水'}),frozenset({'香水'}),frozenset({'防晒霜'}),Bundle Sale,"建议将""frozenset({'香水'})""与""frozenset({'防晒霜'})""捆绑销售",5.034768749400155,0.3086816720257235
frozenset({'防晒霜'}),frozenset({'防晒霜'}),frozenset({'香水'}),Bundle Sale,"建议将""frozenset({'防晒霜'})""与""frozenset({'香水'})""捆绑销售",5.034768749400154,0.2975044854020551
frozenset({'餐具'}),frozenset({'餐具'}),frozenset({'毛巾'}),Bundle Sale,"建议将""frozenset({'餐具'})""与""frozenset({'毛巾'})""捆绑销售",5.033339547679925,0.3012453719286435
frozenset({'毛巾'}),frozenset({'毛巾'}),frozenset({'餐具'}),Bundle Sale,"建议将""frozenset({'毛巾'})""与""frozenset({'餐具'})""捆绑销售",5.033339547679925,0.2990810359231411
frozenset({'T恤'}),frozenset({'T恤'}),frozenset({'牛仔裤'}),Bundle Sale,"建议将""frozenset({'T恤'})""与""frozenset({'牛仔裤'})""捆绑销售",5.032598671437288,0.309202862373107
frozenset({'牛仔裤'}),frozenset({'牛仔裤'}),frozenset({'T恤'}),Bundle Sale,"建议将""frozenset({'牛仔裤'})""与""frozenset({'T恤'})""捆绑销售",5.032598671437288,0.3024088541666666
frozenset({'毛衣'}),frozenset({'毛衣'}),frozenset({'休闲裤'}),Bundle Sale,"建议将""frozenset({'毛衣'})""与""frozenset({'休闲裤'})""捆绑销售",5.031221215609392,0.3021248339973439
frozenset({'休闲裤'}),frozenset({'休闲裤'}),frozenset({'毛衣'}),Bundle Sale,"建议将""frozenset({'休闲裤'})""与""frozenset({'毛衣'})""捆绑销售",5.031221215609391,0.3030807660283097
frozenset({'粉底液'}),frozenset({'粉底液'}),frozenset({'眼影'}),Bundle Sale,"建议将""frozenset({'粉底液'})""与""frozenset({'眼影'})""捆绑销售",5.029294234082741,0.3021097046413502
frozenset({'眼影'}),frozenset({'眼影'}),frozenset({'粉底液'}),Bundle Sale,"建议将""frozenset({'眼影'})""与""frozenset({'粉底液'})""捆绑销售",5.02929423408274,0.2979856833694023
frozenset({'游戏机'}),frozenset({'游戏机'}),frozenset({'笔记本电脑'}),Bundle Sale,"建议将""frozenset({'游戏机'})""与""frozenset({'笔记本电脑'})""捆绑销售",5.026703451451152,0.2966760377046469
frozenset({'笔记本电脑'}),frozenset({'笔记本电脑'}),frozenset({'游戏机'}),Bundle Sale,"建议将""frozenset({'笔记本电脑'})""与""frozenset({'游戏机'})""捆绑销售",5.026703451451151,0.3039647577092511
frozenset({'肉类'}),frozenset({'肉类'}),frozenset({'饼干'}),Bundle Sale,"建议将""frozenset({'肉类'})""与""frozenset({'饼干'})""捆绑销售",5.026125751140602,0.2983508245877061
frozenset({'饼干'}),frozenset({'饼干'}),frozenset({'肉类'}),Bundle Sale,"建议将""frozenset({'饼干'})""与""frozenset({'肉类'})""捆绑销售",5.026125751140602,0.3017183288409703
frozenset({'护肤霜'}),frozenset({'护肤霜'}),frozenset({'指甲油'}),Bundle Sale,"建议将""frozenset({'护肤霜'})""与""frozenset({'指甲油'})""捆绑销售",5.024731141325145,0.3022375781507075
frozenset({'指甲油'}),frozenset({'指甲油'}),frozenset({'护肤霜'}),Bundle Sale,"建议将""frozenset({'指甲油'})""与""frozenset({'护肤霜'})""捆绑销售",5.024731141325145,0.3054031587697423
frozenset({'肉类'}),frozenset({'肉类'}),frozenset({'速食面'}),Bundle Sale,"建议将""frozenset({'肉类'})""与""frozenset({'速食面'})""捆绑销售",5.024661582252352,0.2958520739630185
frozenset({'速食面'}),frozenset({'速食面'}),frozenset({'肉类'}),Bundle Sale,"建议将""frozenset({'速食面'})""与""frozenset({'肉类'})""捆绑销售",5.024661582252352,0.3016304347826087
frozenset({'床单'}),frozenset({'床单'}),frozenset({'餐具'}),Bundle Sale,"建议将""frozenset({'床单'})""与""frozenset({'餐具'})""捆绑销售",5.018599300344629,0.2982051704264779
frozenset({'餐具'}),frozenset({'餐具'}),frozenset({'床单'}),Bundle Sale,"建议将""frozenset({'餐具'})""与""frozenset({'床单'})""捆绑销售",5.018599300344629,0.3047795355099293
frozenset({'地毯'}),frozenset({'地毯'}),frozenset({'窗帘'}),Bundle Sale,"建议将""frozenset({'地毯'})""与""frozenset({'窗帘'})""捆绑销售",5.013857894038994,0.3038899269577034
frozenset({'窗帘'}),frozenset({'窗帘'}),frozenset({'地毯'}),Bundle Sale,"建议将""frozenset({'窗帘'})""与""frozenset({'地毯'})""捆绑销售",5.013857894038994,0.2951658142220755
frozenset({'平板电脑'}),frozenset({'平板电脑'}),frozenset({'电视'}),Bundle Sale,"建议将""frozenset({'平板电脑'})""与""frozenset({'电视'})""捆绑销售",5.010820709172632,0.3006492425503579
frozenset({'电视'}),frozenset({'电视'}),frozenset({'平板电脑'}),Bundle Sale,"建议将""frozenset({'电视'})""与""frozenset({'平板电脑'})""捆绑销售",5.010820709172632,0.301
frozenset({'牛奶'}),frozenset({'牛奶'}),frozenset({'面包'}),Bundle Sale,"建议将""frozenset({'牛奶'})""与""frozenset({'面包'})""捆绑销售",5.009775171065494,0.2981818181818182
frozenset({'面包'}),frozenset({'面包'}),frozenset({'牛奶'}),Bundle Sale,"建议将""frozenset({'面包'})""与""frozenset({'牛奶'})""捆绑销售",5.009775171065494,0.3030913978494624
frozenset({'笔记本电脑'}),frozenset({'笔记本电脑'}),frozenset({'耳机'}),Bundle Sale,"建议将""frozenset({'笔记本电脑'})""与""frozenset({'耳机'})""捆绑销售",5.008984278225015,0.2980345645543883
frozenset({'耳机'}),frozenset({'耳机'}),frozenset({'笔记本电脑'}),Bundle Sale,"建议将""frozenset({'耳机'})""与""frozenset({'笔记本电脑'})""捆绑销售",5.008984278225015,0.2956302521008404
frozenset({'牛仔裤'}),frozenset({'牛仔裤'}),frozenset({'外套'}),Bundle Sale,"建议将""frozenset({'牛仔裤'})""与""frozenset({'外套'})""捆绑销售",5.007382406008728,0.29833984375
frozenset({'外套'}),frozenset({'外套'}),frozenset({'牛仔裤'}),Bundle Sale,"建议将""frozenset({'外套'})""与""frozenset({'牛仔裤'})""捆绑销售",5.007382406008727,0.3076535750251762
frozenset({'口红'}),frozenset({'口红'}),frozenset({'粉底液'}),Bundle Sale,"建议将""frozenset({'口红'})""与""frozenset({'粉底液'})""捆绑销售",5.007097581789933,0.2966705317210535
frozenset({'粉底液'}),frozenset({'粉底液'}),frozenset({'口红'}),Bundle Sale,"建议将""frozenset({'粉底液'})""与""frozenset({'口红'})""捆绑销售",5.007097581789932,0.3022784810126582
frozenset({'洗发水'}),frozenset({'洗发水'}),frozenset({'口红'}),Bundle Sale,"建议将""frozenset({'洗发水'})""与""frozenset({'口红'})""捆绑销售",5.006727480910409,0.3022561380225614
frozenset({'口红'}),frozenset({'口红'}),frozenset({'洗发水'}),Bundle Sale,"建议将""frozenset({'口红'})""与""frozenset({'洗发水'})""捆绑销售",5.006727480910409,0.3018055325492794
frozenset({'电视'}),frozenset({'电视'}),frozenset({'笔记本电脑'}),Bundle Sale,"建议将""frozenset({'电视'})""与""frozenset({'笔记本电脑'})""捆绑销售",5.003953462103242,0.2953333333333333
frozenset({'笔记本电脑'}),frozenset({'笔记本电脑'}),frozenset({'电视'}),Bundle Sale,"建议将""frozenset({'笔记本电脑'})""与""frozenset({'电视'})""捆绑销售",5.003953462103242,0.3002372077261945
frozenset({'相机'}),frozenset({'相机'}),frozenset({'智能手表'}),Bundle Sale,"建议将""frozenset({'相机'})""与""frozenset({'智能手表'})""捆绑销售",5.003023725287985,0.299781181619256
frozenset({'智能手表'}),frozenset({'智能手表'}),frozenset({'相机'}),Bundle Sale,"建议将""frozenset({'智能手表'})""与""frozenset({'相机'})""捆绑销售",5.003023725287985,0.2972296395193591
frozenset({'糖果'}),frozenset({'糖果'}),frozenset({'速食面'}),Bundle Sale,"建议将""frozenset({'糖果'})""与""frozenset({'速食面'})""捆绑销售",5.00208643787985,0.2945228494623655
frozenset({'速食面'}),frozenset({'速食面'}),frozenset({'糖果'}),Bundle Sale,"建议将""frozenset({'速食面'})""与""frozenset({'糖果'})""捆绑销售",5.00208643787985,0.2977241847826087
frozenset({'牛仔裤'}),frozenset({'牛仔裤'}),frozenset({'休闲裤'}),Bundle Sale,"建议将""frozenset({'牛仔裤'})""与""frozenset({'休闲裤'})""捆绑销售",5.000715549542049,0.30029296875
frozenset({'休闲裤'}),frozenset({'休闲裤'}),frozenset({'牛仔裤'}),Bundle Sale,"建议将""frozenset({'休闲裤'})""与""frozenset({'牛仔裤'})""捆绑销售",5.000715549542048,0.3072439633638634
frozenset({'音箱'}),frozenset({'音箱'}),frozenset({'手机'}),Bundle Sale,"建议将""frozenset({'音箱'})""与""frozenset({'手机'})""捆绑销售",5.0000278243062,0.2990016638935108
frozenset({'手机'}),frozenset({'手机'}),frozenset({'音箱'}),Bundle Sale,"建议将""frozenset({'手机'})""与""frozenset({'音箱'})""捆绑销售",5.0000278243062,0.3005016722408026
frozenset({'香水'}),frozenset({'香水'}),frozenset({'面膜'}),Bundle Sale,"建议将""frozenset({'香水'})""与""frozenset({'面膜'})""捆绑销售",4.9994474294946345,0.3054662379421222
frozenset({'面膜'}),frozenset({'面膜'}),frozenset({'香水'}),Bundle Sale,"建议将""frozenset({'面膜'})""与""frozenset({'香水'})""捆绑销售",4.9994474294946345,0.2954173486088379
frozenset({'床单'}),frozenset({'床单'}),frozenset({'枕头'}),Bundle Sale,"建议将""frozenset({'床单'})""与""frozenset({'枕头'})""捆绑销售",4.998014354762159,0.2973818541083484
frozenset({'枕头'}),frozenset({'枕头'}),frozenset({'床单'}),Bundle Sale,"建议将""frozenset({'枕头'})""与""frozenset({'床单'})""捆绑销售",4.998014354762159,0.3035294117647059
frozenset({'充电器'}),frozenset({'充电器'}),frozenset({'智能手表'}),Bundle Sale,"建议将""frozenset({'充电器'})""与""frozenset({'智能手表'})""捆绑销售",4.99566816299629,0.2993404363267377
frozenset({'智能手表'}),frozenset({'智能手表'}),frozenset({'充电器'}),Bundle Sale,"建议将""frozenset({'智能手表'})""与""frozenset({'充电器'})""捆绑销售",4.99566816299629,0.2953938584779706
frozenset({'面包'}),frozenset({'面包'}),frozenset({'果汁'}),Bundle Sale,"建议将""frozenset({'面包'})""与""frozenset({'果汁'})""捆绑销售",4.994990368171899,0.2980510752688172
frozenset({'果汁'}),frozenset({'果汁'}),frozenset({'面包'}),Bundle Sale,"建议将""frozenset({'果汁'})""与""frozenset({'面包'})""捆绑销售",4.994990368171898,0.2973018267135914
frozenset({'牛仔裤'}),frozenset({'牛仔裤'}),frozenset({'毛衣'}),Bundle Sale,"建议将""frozenset({'牛仔裤'})""与""frozenset({'毛衣'})""捆绑销售",4.9930486387782205,0.30078125
frozenset({'毛衣'}),frozenset({'毛衣'}),frozenset({'牛仔裤'}),Bundle Sale,"建议将""frozenset({'毛衣'})""与""frozenset({'牛仔裤'})""捆绑销售",4.9930486387782205,0.3067729083665338
frozenset({'糖果'}),frozenset({'糖果'}),frozenset({'肉类'}),Bundle Sale,"建议将""frozenset({'糖果'})""与""frozenset({'肉类'})""捆绑销售",4.993023201660819,0.2997311827956989
frozenset({'肉类'}),frozenset({'肉类'}),frozenset({'糖果'}),Bundle Sale,"建议将""frozenset({'肉类'})""与""frozenset({'糖果'})""捆绑销售",4.993023201660818,0.2971847409628519
frozenset({'零食'}),frozenset({'零食'}),frozenset({'肉类'}),Bundle Sale,"建议将""frozenset({'零食'})""与""frozenset({'肉类'})""捆绑销售",4.992508740634677,0.2997002997002996
frozenset({'肉类'}),frozenset({'肉类'}),frozenset({'零食'}),Bundle Sale,"建议将""frozenset({'肉类'})""与""frozenset({'零食'})""捆绑销售",4.992508740634677,0.2998500749625187
frozenset({'羽绒服'}),frozenset({'羽绒服'}),frozenset({'外套'}),Bundle Sale,"建议将""frozenset({'羽绒服'})""与""frozenset({'外套'})""捆绑销售",4.991802710327392,0.297411605481306
frozenset({'外套'}),frozenset({'外套'}),frozenset({'羽绒服'}),Bundle Sale,"建议将""frozenset({'外套'})""与""frozenset({'羽绒服'})""捆绑销售",4.991802710327391,0.2950654582074521
frozenset({'香水'}),frozenset({'香水'}),frozenset({'洗发水'}),Bundle Sale,"建议将""frozenset({'香水'})""与""frozenset({'洗发水'})""捆绑销售",4.991654559985932,0.300896936875952
frozenset({'洗发水'}),frozenset({'洗发水'}),frozenset({'香水'}),Bundle Sale,"建议将""frozenset({'洗发水'})""与""frozenset({'香水'})""捆绑销售",4.991654559985932,0.2949568679495687
frozenset({'牛奶'}),frozenset({'牛奶'}),frozenset({'糖果'}),Bundle Sale,"建议将""frozenset({'牛奶'})""与""frozenset({'糖果'})""捆绑销售",4.990335910423887,0.2970247933884297
frozenset({'糖果'}),frozenset({'糖果'}),frozenset({'牛奶'}),Bundle Sale,"建议将""frozenset({'糖果'})""与""frozenset({'牛奶'})""捆绑销售",4.990335910423887,0.3019153225806451
frozenset({'餐具'}),frozenset({'餐具'}),frozenset({'收纳盒'}),Bundle Sale,"建议将""frozenset({'餐具'})""与""frozenset({'收纳盒'})""捆绑销售",4.99019543815758,0.300908784920902
frozenset({'收纳盒'}),frozenset({'收纳盒'}),frozenset({'餐具'}),Bundle Sale,"建议将""frozenset({'收纳盒'})""与""frozenset({'餐具'})""捆绑销售",4.99019543815758,0.2965174129353234
frozenset({'内衣'}),frozenset({'内衣'}),frozenset({'连衣裙'}),Bundle Sale,"建议将""frozenset({'内衣'})""与""frozenset({'连衣裙'})""捆绑销售",4.98952033855314,0.3038617886178862
frozenset({'连衣裙'}),frozenset({'连衣裙'}),frozenset({'内衣'}),Bundle Sale,"建议将""frozenset({'连衣裙'})""与""frozenset({'内衣'})""捆绑销售",4.989520338553139,0.2945812807881773
frozenset({'羽绒服'}),frozenset({'羽绒服'}),frozenset({'袜子'}),Bundle Sale,"建议将""frozenset({'羽绒服'})""与""frozenset({'袜子'})""捆绑销售",4.987952220008216,0.3014718321772965
frozenset({'袜子'}),frozenset({'袜子'}),frozenset({'羽绒服'}),Bundle Sale,"建议将""frozenset({'袜子'})""与""frozenset({'羽绒服'})""捆绑销售",4.987952220008215,0.2948378557246856
frozenset({'餐具'}),frozenset({'餐具'}),frozenset({'马克杯'}),Bundle Sale,"建议将""frozenset({'餐具'})""与""frozenset({'马克杯'})""捆绑销售",4.987827172659581,0.2987209693705823
frozenset({'马克杯'}),frozenset({'马克杯'}),frozenset({'餐具'}),Bundle Sale,"建议将""frozenset({'马克杯'})""与""frozenset({'餐具'})""捆绑销售",4.98782717265958,0.2963766905994323
frozenset({'花瓶'}),frozenset({'花瓶'}),frozenset({'毛巾'}),Bundle Sale,"建议将""frozenset({'花瓶'})""与""frozenset({'毛巾'})""捆绑销售",4.98742683085008,0.2984974958263773
frozenset({'毛巾'}),frozenset({'毛巾'}),frozenset({'花瓶'}),Bundle Sale,"建议将""frozenset({'毛巾'})""与""frozenset({'花瓶'})""捆绑销售",4.98742683085008,0.2987468671679198
frozenset({'毛巾'}),frozenset({'毛巾'}),frozenset({'枕头'}),Bundle Sale,"建议将""frozenset({'毛巾'})""与""frozenset({'枕头'})""捆绑销售",4.987258061119186,0.2967418546365915
frozenset({'枕头'}),frozenset({'枕头'}),frozenset({'毛巾'}),Bundle Sale,"建议将""frozenset({'枕头'})""与""frozenset({'毛巾'})""捆绑销售",4.987258061119185,0.2984873949579832
frozenset({'内衣'}),frozenset({'内衣'}),frozenset({'休闲裤'}),Bundle Sale,"建议将""frozenset({'内衣'})""与""frozenset({'休闲裤'})""捆绑销售",4.986810900581945,0.2994579945799458
frozenset({'休闲裤'}),frozenset({'休闲裤'}),frozenset({'内衣'}),Bundle Sale,"建议将""frozenset({'休闲裤'})""与""frozenset({'内衣'})""捆绑销售",4.986810900581945,0.294421315570358
frozenset({'内衣'}),frozenset({'内衣'}),frozenset({'袜子'}),Bundle Sale,"建议将""frozenset({'内衣'})""与""frozenset({'袜子'})""捆绑销售",4.985458937977865,0.3013211382113821
frozenset({'袜子'}),frozenset({'袜子'}),frozenset({'内衣'}),Bundle Sale,"建议将""frozenset({'袜子'})""与""frozenset({'内衣'})""捆绑销售",4.985458937977864,0.2943414956982131
frozenset({'马克杯'}),frozenset({'马克杯'}),frozenset({'收纳盒'}),Bundle Sale,"建议将""frozenset({'马克杯'})""与""frozenset({'收纳盒'})""捆绑销售",4.984262192128354,0.3005510101853397
frozenset({'收纳盒'}),frozenset({'收纳盒'}),frozenset({'马克杯'}),Bundle Sale,"建议将""frozenset({'收纳盒'})""与""frozenset({'马克杯'})""捆绑销售",4.984262192128354,0.2985074626865671
frozenset({'收纳盒'}),frozenset({'收纳盒'}),frozenset({'地毯'}),Bundle Sale,"建议将""frozenset({'收纳盒'})""与""frozenset({'地毯'})""捆绑销售",4.983293712063656,0.2933665008291874
frozenset({'地毯'}),frozenset({'地毯'}),frozenset({'收纳盒'}),Bundle Sale,"建议将""frozenset({'地毯'})""与""frozenset({'收纳盒'})""捆绑销售",4.983293712063656,0.3004926108374384
frozenset({'毛巾'}),frozenset({'毛巾'}),frozenset({'床单'}),Bundle Sale,"建议将""frozenset({'毛巾'})""与""frozenset({'床单'})""捆绑销售",4.982542530099881,0.3025898078529657
frozenset({'床单'}),frozenset({'床单'}),frozenset({'毛巾'}),Bundle Sale,"建议将""frozenset({'床单'})""与""frozenset({'毛巾'})""捆绑销售",4.982542530099881,0.2982051704264779
frozenset({'洗面奶'}),frozenset({'洗面奶'}),frozenset({'眼影'}),Bundle Sale,"建议将""frozenset({'洗面奶'})""与""frozenset({'眼影'})""捆绑销售",4.982528156413564,0.2993004663557628
frozenset({'眼影'}),frozenset({'眼影'}),frozenset({'洗面奶'}),Bundle Sale,"建议将""frozenset({'眼影'})""与""frozenset({'洗面奶'})""捆绑销售",4.982528156413564,0.2991509905110704
frozenset({'护肤霜'}),frozenset({'护肤霜'}),frozenset({'粉底液'}),Bundle Sale,"建议将""frozenset({'护肤霜'})""与""frozenset({'粉底液'})""捆绑销售",4.981652025774635,0.2951628825271471
frozenset({'粉底液'}),frozenset({'粉底液'}),frozenset({'护肤霜'}),Bundle Sale,"建议将""frozenset({'粉底液'})""与""frozenset({'护肤霜'})""捆绑销售",4.981652025774635,0.3027848101265823
frozenset({'饼干'}),frozenset({'饼干'}),frozenset({'巧克力'}),Bundle Sale,"建议将""frozenset({'饼干'})""与""frozenset({'巧克力'})""捆绑销售",4.98009770832928,0.2966644204851752
frozenset({'巧克力'}),frozenset({'巧克力'}),frozenset({'饼干'}),Bundle Sale,"建议将""frozenset({'巧克力'})""与""frozenset({'饼干'})""捆绑销售",4.98009770832928,0.2956185999664261
frozenset({'花瓶'}),frozenset({'花瓶'}),frozenset({'窗帘'}),Bundle Sale,"建议将""frozenset({'花瓶'})""与""frozenset({'窗帘'})""捆绑销售",4.979976802342573,0.3018363939899833
frozenset({'窗帘'}),frozenset({'窗帘'}),frozenset({'花瓶'}),Bundle Sale,"建议将""frozenset({'窗帘'})""与""frozenset({'花瓶'})""捆绑销售",4.979976802342573,0.2983006104603201
frozenset({'游戏机'}),frozenset({'游戏机'}),frozenset({'平板电脑'}),Bundle Sale,"建议将""frozenset({'游戏机'})""与""frozenset({'平板电脑'})""捆绑销售",4.977380311691373,0.2989912353233008
frozenset({'平板电脑'}),frozenset({'平板电脑'}),frozenset({'游戏机'}),Bundle Sale,"建议将""frozenset({'平板电脑'})""与""frozenset({'游戏机'})""捆绑销售",4.977380311691373,0.3009821874479773
frozenset({'平板电脑'}),frozenset({'平板电脑'}),frozenset({'相机'}),Bundle Sale,"建议将""frozenset({'平板电脑'})""与""frozenset({'相机'})""捆绑销售",4.976520267397178,0.2956550690860663
frozenset({'相机'}),frozenset({'相机'}),frozenset({'平板电脑'}),Bundle Sale,"建议将""frozenset({'相机'})""与""frozenset({'平板电脑'})""捆绑销售",4.976520267397177,0.2989395724625484
frozenset({'防晒霜'}),frozenset({'防晒霜'}),frozenset({'眼影'}),Bundle Sale,"建议将""frozenset({'防晒霜'})""与""frozenset({'眼影'})""捆绑销售",4.974352083174208,0.2988093296362746
frozenset({'眼影'}),frozenset({'眼影'}),frozenset({'防晒霜'}),Bundle Sale,"建议将""frozenset({'眼影'})""与""frozenset({'防晒霜'})""捆绑销售",4.974352083174208,0.3049775262194107
frozenset({'防晒霜'}),frozenset({'防晒霜'}),frozenset({'护肤霜'}),Bundle Sale,"建议将""frozenset({'防晒霜'})""与""frozenset({'护肤霜'})""捆绑销售",4.972598646776916,0.302234545751101
frozenset({'护肤霜'}),frozenset({'护肤霜'}),frozenset({'防晒霜'}),Bundle Sale,"建议将""frozenset({'护肤霜'})""与""frozenset({'防晒霜'})""捆绑销售",4.972598646776916,0.3048700230338927
frozenset({'衬衫'}),frozenset({'衬衫'}),frozenset({'休闲裤'}),Bundle Sale,"建议将""frozenset({'衬衫'})""与""frozenset({'休闲裤'})""捆绑销售",4.970250627473727,0.2984635501797973
frozenset({'休闲裤'}),frozenset({'休闲裤'}),frozenset({'衬衫'}),Bundle Sale,"建议将""frozenset({'休闲裤'})""与""frozenset({'衬衫'})""捆绑销售",4.970250627473726,0.3040799333888426
frozenset({'马克杯'}),frozenset({'马克杯'}),frozenset({'窗帘'}),Bundle Sale,"建议将""frozenset({'马克杯'})""与""frozenset({'窗帘'})""捆绑销售",4.969788835490596,0.301218901319085
frozenset({'窗帘'}),frozenset({'窗帘'}),frozenset({'马克杯'}),Bundle Sale,"建议将""frozenset({'窗帘'})""与""frozenset({'马克杯'})""捆绑销售",4.969788835490595,0.2976406533575317
frozenset({'外套'}),frozenset({'外套'}),frozenset({'衬衫'}),Bundle Sale,"建议将""frozenset({'外套'})""与""frozenset({'衬衫'})""捆绑销售",4.968307629268452,0.3039610607586439
frozenset({'衬衫'}),frozenset({'衬衫'}),frozenset({'外套'}),Bundle Sale,"建议将""frozenset({'衬衫'})""与""frozenset({'外套'})""捆绑销售",4.968307629268451,0.2960117685518143
frozenset({'水果'}),frozenset({'水果'}),frozenset({'速食面'}),Bundle Sale,"建议将""frozenset({'水果'})""与""frozenset({'速食面'})""捆绑销售",4.966876094251533,0.2924496644295302
frozenset({'速食面'}),frozenset({'速食面'}),frozenset({'水果'}),Bundle Sale,"建议将""frozenset({'速食面'})""与""frozenset({'水果'})""捆绑销售",4.966876094251532,0.2960258152173913
frozenset({'休闲裤'}),frozenset({'休闲裤'}),frozenset({'羽绒服'}),Bundle Sale,"建议将""frozenset({'休闲裤'})""与""frozenset({'羽绒服'})""捆绑销售",4.966819084812168,0.2935886761032473
frozenset({'羽绒服'}),frozenset({'羽绒服'}),frozenset({'休闲裤'}),Bundle Sale,"建议将""frozenset({'羽绒服'})""与""frozenset({'休闲裤'})""捆绑销售",4.966819084812168,0.2982574860429707
frozenset({'面膜'}),frozenset({'面膜'}),frozenset({'护肤霜'}),Bundle Sale,"建议将""frozenset({'面膜'})""与""frozenset({'护肤霜'})""捆绑销售",4.965454546433732,0.3018003273322422
frozenset({'护肤霜'}),frozenset({'护肤霜'}),frozenset({'面膜'}),Bundle Sale,"建议将""frozenset({'护肤霜'})""与""frozenset({'面膜'})""捆绑销售",4.965454546433732,0.303389272787101
frozenset({'肉类'}),frozenset({'肉类'}),frozenset({'面包'}),Bundle Sale,"建议将""frozenset({'肉类'})""与""frozenset({'面包'})""捆绑销售",4.96503540344523,0.2955189072130601
frozenset({'面包'}),frozenset({'面包'}),frozenset({'肉类'}),Bundle Sale,"建议将""frozenset({'面包'})""与""frozenset({'肉类'})""捆绑销售",4.96503540344523,0.2980510752688172
frozenset({'洗发水'}),frozenset({'洗发水'}),frozenset({'防晒霜'}),Bundle Sale,"建议将""frozenset({'洗发水'})""与""frozenset({'防晒霜'})""捆绑销售",4.962434318096044,0.3042468480424684
frozenset({'防晒霜'}),frozenset({'防晒霜'}),frozenset({'洗发水'}),Bundle Sale,"建议将""frozenset({'防晒霜'})""与""frozenset({'洗发水'})""捆绑销售",4.962434318096044,0.2991355406948295
frozenset({'相机'}),frozenset({'相机'}),frozenset({'笔记本电脑'}),Bundle Sale,"建议将""frozenset({'相机'})""与""frozenset({'笔记本电脑'})""捆绑销售",4.962385403833506,0.2928799865342535
frozenset({'笔记本电脑'}),frozenset({'笔记本电脑'}),frozenset({'相机'}),Bundle Sale,"建议将""frozenset({'笔记本电脑'})""与""frozenset({'相机'})""捆绑销售",4.962385403833505,0.2948153168417485
frozenset({'智能手表'}),frozenset({'智能手表'}),frozenset({'音箱'}),Bundle Sale,"建议将""frozenset({'智能手表'})""与""frozenset({'音箱'})""捆绑销售",4.962245834157135,0.2982309746328438
frozenset({'音箱'}),frozenset({'音箱'}),frozenset({'智能手表'}),Bundle Sale,"建议将""frozenset({'音箱'})""与""frozenset({'智能手表'})""捆绑销售",4.962245834157134,0.2973377703826955
frozenset({'枕头'}),frozenset({'枕头'}),frozenset({'收纳盒'}),Bundle Sale,"建议将""frozenset({'枕头'})""与""frozenset({'收纳盒'})""捆绑销售",4.961188455481695,0.2991596638655462
frozenset({'收纳盒'}),frozenset({'收纳盒'}),frozenset({'枕头'}),Bundle Sale,"建议将""frozenset({'收纳盒'})""与""frozenset({'枕头'})""捆绑销售",4.961188455481695,0.2951907131011608
frozenset({'平板电脑'}),frozenset({'平板电脑'}),frozenset({'手机'}),Bundle Sale,"建议将""frozenset({'平板电脑'})""与""frozenset({'手机'})""捆绑销售",4.960767621721147,0.2966539037789246
frozenset({'手机'}),frozenset({'手机'}),frozenset({'平板电脑'}),Bundle Sale,"建议将""frozenset({'手机'})""与""frozenset({'平板电脑'})""捆绑销售",4.960767621721147,0.2979933110367893
frozenset({'护肤霜'}),frozenset({'护肤霜'}),frozenset({'洗面奶'}),Bundle Sale,"建议将""frozenset({'护肤霜'})""与""frozenset({'洗面奶'})""捆绑销售",4.959948824289347,0.2977953274103324
frozenset({'洗面奶'}),frozenset({'洗面奶'}),frozenset({'护肤霜'}),Bundle Sale,"建议将""frozenset({'洗面奶'})""与""frozenset({'护肤霜'})""捆绑销售",4.959948824289346,0.3014656895403064
frozenset({'地毯'}),frozenset({'地毯'}),frozenset({'灯具'}),Bundle Sale,"建议将""frozenset({'地毯'})""与""frozenset({'灯具'})""捆绑销售",4.959794842243404,0.2938678444029217
frozenset({'灯具'}),frozenset({'灯具'}),frozenset({'地毯'}),Bundle Sale,"建议将""frozenset({'灯具'})""与""frozenset({'地毯'})""捆绑销售",4.959794842243404,0.2919831223628692
frozenset({'智能手表'}),frozenset({'智能手表'}),frozenset({'平板电脑'}),Bundle Sale,"建议将""frozenset({'智能手表'})""与""frozenset({'平板电脑'})""捆绑销售",4.959167575523261,0.2978971962616822
frozenset({'平板电脑'}),frozenset({'平板电脑'}),frozenset({'智能手表'}),Bundle Sale,"建议将""frozenset({'平板电脑'})""与""frozenset({'智能手表'})""捆绑销售",4.959167575523261,0.2971533211253538
frozenset({'地毯'}),frozenset({'地毯'}),frozenset({'枕头'}),Bundle Sale,"建议将""frozenset({'地毯'})""与""frozenset({'枕头'})""捆绑销售",4.958939580588479,0.2950569050450145
frozenset({'枕头'}),frozenset({'枕头'}),frozenset({'地毯'}),Bundle Sale,"建议将""frozenset({'枕头'})""与""frozenset({'地毯'})""捆绑销售",4.958939580588479,0.2919327731092437
frozenset({'收纳盒'}),frozenset({'收纳盒'}),frozenset({'花瓶'}),Bundle Sale,"建议将""frozenset({'收纳盒'})""与""frozenset({'花瓶'})""捆绑销售",4.958512944459671,0.2970149253731343
frozenset({'花瓶'}),frozenset({'花瓶'}),frozenset({'收纳盒'}),Bundle Sale,"建议将""frozenset({'花瓶'})""与""frozenset({'收纳盒'})""捆绑销售",4.958512944459671,0.2989983305509182
frozenset({'床单'}),frozenset({'床单'}),frozenset({'窗帘'}),Bundle Sale,"建议将""frozenset({'床单'})""与""frozenset({'窗帘'})""捆绑销售",4.958100249418252,0.3005104561172402
frozenset({'窗帘'}),frozenset({'窗帘'}),frozenset({'床单'}),Bundle Sale,"建议将""frozenset({'窗帘'})""与""frozenset({'床单'})""捆绑销售",4.958100249418252,0.3011054281471704
frozenset({'毛衣'}),frozenset({'毛衣'}),frozenset({'袜子'}),Bundle Sale,"建议将""frozenset({'毛衣'})""与""frozenset({'袜子'})""捆绑销售",4.957557811990512,0.2996347941567065
frozenset({'袜子'}),frozenset({'袜子'}),frozenset({'毛衣'}),Bundle Sale,"建议将""frozenset({'袜子'})""与""frozenset({'毛衣'})""捆绑销售",4.957557811990511,0.2986432825943084
frozenset({'内衣'}),frozenset({'内衣'}),frozenset({'羽绒服'}),Bundle Sale,"建议将""frozenset({'内衣'})""与""frozenset({'羽绒服'})""捆绑销售",4.957226868834413,0.2930216802168021
frozenset({'羽绒服'}),frozenset({'羽绒服'}),frozenset({'内衣'}),Bundle Sale,"建议将""frozenset({'羽绒服'})""与""frozenset({'内衣'})""捆绑销售",4.957226868834412,0.2926746743359837
frozenset({'游戏机'}),frozenset({'游戏机'}),frozenset({'电视'}),Bundle Sale,"建议将""frozenset({'游戏机'})""与""frozenset({'电视'})""捆绑销售",4.9556253789758005,0.297337522738548
frozenset({'电视'}),frozenset({'电视'}),frozenset({'游戏机'}),Bundle Sale,"建议将""frozenset({'电视'})""与""frozenset({'游戏机'})""捆绑销售",4.9556253789758005,0.2996666666666667
frozenset({'T恤'}),frozenset({'T恤'}),frozenset({'内衣'}),Bundle Sale,"建议将""frozenset({'T恤'})""与""frozenset({'内衣'})""捆绑销售",4.9553041711146015,0.2925611582626061
frozenset({'内衣'}),frozenset({'内衣'}),frozenset({'T恤'}),Bundle Sale,"建议将""frozenset({'内衣'})""与""frozenset({'T恤'})""捆绑销售",4.9553041711146015,0.2977642276422764
frozenset({'水果'}),frozenset({'水果'}),frozenset({'巧克力'}),Bundle Sale,"建议将""frozenset({'水果'})""与""frozenset({'巧克力'})""捆绑销售",4.954410411078052,0.2951342281879195
frozenset({'巧克力'}),frozenset({'巧克力'}),frozenset({'水果'}),Bundle Sale,"建议将""frozenset({'巧克力'})""与""frozenset({'水果'})""捆绑销售",4.954410411078051,0.2952828605002518
frozenset({'巧克力'}),frozenset({'巧克力'}),frozenset({'果汁'}),Bundle Sale,"建议将""frozenset({'巧克力'})""与""frozenset({'果汁'})""捆绑销售",4.954224903074008,0.2956185999664261
frozenset({'果汁'}),frozenset({'果汁'}),frozenset({'巧克力'}),Bundle Sale,"建议将""frozenset({'果汁'})""与""frozenset({'巧克力'})""捆绑销售",4.954224903074008,0.2951231774761186
frozenset({'牛仔裤'}),frozenset({'牛仔裤'}),frozenset({'羽绒服'}),Bundle Sale,"建议将""frozenset({'牛仔裤'})""与""frozenset({'羽绒服'})""捆绑销售",4.953577898550724,0.2928059895833333
frozenset({'羽绒服'}),frozenset({'羽绒服'}),frozenset({'牛仔裤'}),Bundle Sale,"建议将""frozenset({'羽绒服'})""与""frozenset({'牛仔裤'})""捆绑销售",4.953577898550724,0.3043478260869565
frozenset({'马克杯'}),frozenset({'马克杯'}),frozenset({'花瓶'}),Bundle Sale,"建议将""frozenset({'马克杯'})""与""frozenset({'花瓶'})""捆绑销售",4.953432991090232,0.2967106361663049
frozenset({'花瓶'}),frozenset({'花瓶'}),frozenset({'马克杯'}),Bundle Sale,"建议将""frozenset({'花瓶'})""与""frozenset({'马克杯'})""捆绑销售",4.953432991090232,0.296661101836394
frozenset({'耳机'}),frozenset({'耳机'}),frozenset({'游戏机'}),Bundle Sale,"建议将""frozenset({'耳机'})""与""frozenset({'游戏机'})""捆绑销售",4.952799707612497,0.2994957983193277
frozenset({'游戏机'}),frozenset({'游戏机'}),frozenset({'耳机'}),Bundle Sale,"建议将""frozenset({'游戏机'})""与""frozenset({'耳机'})""捆绑销售",4.952799707612497,0.2946915826029436
frozenset({'马克杯'}),frozenset({'马克杯'}),frozenset({'地毯'}),Bundle Sale,"建议将""frozenset({'马克杯'})""与""frozenset({'地毯'})""捆绑销售",4.952173940543224,0.2915344798797796
frozenset({'地毯'}),frozenset({'地毯'}),frozenset({'马克杯'}),Bundle Sale,"建议将""frozenset({'地毯'})""与""frozenset({'马克杯'})""捆绑销售",4.952173940543224,0.2965856972991337
frozenset({'手机'}),frozenset({'手机'}),frozenset({'充电器'}),Bundle Sale,"建议将""frozenset({'手机'})""与""frozenset({'充电器'})""捆绑销售",4.951959488389903,0.292809364548495
frozenset({'充电器'}),frozenset({'充电器'}),frozenset({'手机'}),Bundle Sale,"建议将""frozenset({'充电器'})""与""frozenset({'手机'})""捆绑销售",4.951959488389903,0.2961271774057162
frozenset({'窗帘'}),frozenset({'窗帘'}),frozenset({'灯具'}),Bundle Sale,"建议将""frozenset({'窗帘'})""与""frozenset({'灯具'})""捆绑销售",4.951070585475236,0.2933509321894077
frozenset({'灯具'}),frozenset({'灯具'}),frozenset({'窗帘'}),Bundle Sale,"建议将""frozenset({'灯具'})""与""frozenset({'窗帘'})""捆绑销售",4.951070585475236,0.300084388185654
frozenset({'电视'}),frozenset({'电视'}),frozenset({'音箱'}),Bundle Sale,"建议将""frozenset({'电视'})""与""frozenset({'音箱'})""捆绑销售",4.950083194675542,0.2975
frozenset({'音箱'}),frozenset({'音箱'}),frozenset({'电视'}),Bundle Sale,"建议将""frozenset({'音箱'})""与""frozenset({'电视'})""捆绑销售",4.950083194675541,0.2970049916805324
frozenset({'灯具'}),frozenset({'灯具'}),frozenset({'枕头'}),Bundle Sale,"建议将""frozenset({'灯具'})""与""frozenset({'枕头'})""捆绑销售",4.949828032478815,0.2945147679324895
frozenset({'枕头'}),frozenset({'枕头'}),frozenset({'灯具'}),Bundle Sale,"建议将""frozenset({'枕头'})""与""frozenset({'灯具'})""捆绑销售",4.949828032478814,0.2932773109243697
frozenset({'花瓶'}),frozenset({'花瓶'}),frozenset({'灯具'}),Bundle Sale,"建议将""frozenset({'花瓶'})""与""frozenset({'灯具'})""捆绑销售",4.94776808041532,0.2931552587646077
frozenset({'灯具'}),frozenset({'灯具'}),frozenset({'花瓶'}),Bundle Sale,"建议将""frozenset({'灯具'})""与""frozenset({'花瓶'})""捆绑销售",4.94776808041532,0.2963713080168776
frozenset({'羽绒服'}),frozenset({'羽绒服'}),frozenset({'衬衫'}),Bundle Sale,"建议将""frozenset({'羽绒服'})""与""frozenset({'衬衫'})""捆绑销售",4.946977197836338,0.3026560649636271
frozenset({'衬衫'}),frozenset({'衬衫'}),frozenset({'羽绒服'}),Bundle Sale,"建议将""frozenset({'衬衫'})""与""frozenset({'羽绒服'})""捆绑销售",4.946977197836338,0.2924158221641059
frozenset({'床单'}),frozenset({'床单'}),frozenset({'灯具'}),Bundle Sale,"建议将""frozenset({'床单'})""与""frozenset({'灯具'})""捆绑销售",4.94684572580718,0.2931006092540754
frozenset({'灯具'}),frozenset({'灯具'}),frozenset({'床单'}),Bundle Sale,"建议将""frozenset({'灯具'})""与""frozenset({'床单'})""捆绑销售",4.94684572580718,0.30042194092827
frozenset({'T恤'}),frozenset({'T恤'}),frozenset({'休闲裤'}),Bundle Sale,"建议将""frozenset({'T恤'})""与""frozenset({'休闲裤'})""捆绑销售",4.946784652330415,0.2970544183724414
frozenset({'休闲裤'}),frozenset({'休闲裤'}),frozenset({'T恤'}),Bundle Sale,"建议将""frozenset({'休闲裤'})""与""frozenset({'T恤'})""捆绑销售",4.946784652330414,0.2972522897585345
frozenset({'收纳盒'}),frozenset({'收纳盒'}),frozenset({'灯具'}),Bundle Sale,"建议将""frozenset({'收纳盒'})""与""frozenset({'灯具'})""捆绑销售",4.945735457732435,0.2930348258706468
frozenset({'灯具'}),frozenset({'灯具'}),frozenset({'收纳盒'}),Bundle Sale,"建议将""frozenset({'灯具'})""与""frozenset({'收纳盒'})""捆绑销售",4.945735457732435,0.2982278481012658
frozenset({'袜子'}),frozenset({'袜子'}),frozenset({'衬衫'}),Bundle Sale,"建议将""frozenset({'袜子'})""与""frozenset({'衬衫'})""捆绑销售",4.943587928472233,0.3024487094639312
frozenset({'衬衫'}),frozenset({'衬衫'}),frozenset({'袜子'}),Bundle Sale,"建议将""frozenset({'衬衫'})""与""frozenset({'袜子'})""捆绑销售",4.943587928472232,0.2987904543968617
frozenset({'果汁'}),frozenset({'果汁'}),frozenset({'水果'}),Bundle Sale,"建议将""frozenset({'果汁'})""与""frozenset({'水果'})""捆绑销售",4.943295507843474,0.294620412267471
frozenset({'水果'}),frozenset({'水果'}),frozenset({'果汁'}),Bundle Sale,"建议将""frozenset({'水果'})""与""frozenset({'果汁'})""捆绑销售",4.943295507843474,0.2949664429530201
frozenset({'洗面奶'}),frozenset({'洗面奶'}),frozenset({'粉底液'}),Bundle Sale,"建议将""frozenset({'洗面奶'})""与""frozenset({'粉底液'})""捆绑销售",4.941853110584505,0.2928047968021319
frozenset({'粉底液'}),frozenset({'粉底液'}),frozenset({'洗面奶'}),Bundle Sale,"建议将""frozenset({'粉底液'})""与""frozenset({'洗面奶'})""捆绑销售",4.941853110584504,0.2967088607594936
frozenset({'牛奶'}),frozenset({'牛奶'}),frozenset({'果汁'}),Bundle Sale,"建议将""frozenset({'牛奶'})""与""frozenset({'果汁'})""捆绑销售",4.941780342849862,0.2948760330578512
frozenset({'果汁'}),frozenset({'果汁'}),frozenset({'牛奶'}),Bundle Sale,"建议将""frozenset({'果汁'})""与""frozenset({'牛奶'})""捆绑销售",4.941780342849862,0.2989777107424166
frozenset({'口红'}),frozenset({'口红'}),frozenset({'指甲油'}),Bundle Sale,"建议将""frozenset({'口红'})""与""frozenset({'指甲油'})""捆绑销售",4.940440021364512,0.2971674672850753
frozenset({'指甲油'}),frozenset({'指甲油'}),frozenset({'口红'}),Bundle Sale,"建议将""frozenset({'指甲油'})""与""frozenset({'口红'})""捆绑销售",4.940440021364512,0.2982543640897755
frozenset({'牛仔裤'}),frozenset({'牛仔裤'}),frozenset({'连衣裙'}),Bundle Sale,"建议将""frozenset({'牛仔裤'})""与""frozenset({'连衣裙'})""捆绑销售",4.938936781609195,0.30078125
frozenset({'连衣裙'}),frozenset({'连衣裙'}),frozenset({'牛仔裤'}),Bundle Sale,"建议将""frozenset({'连衣裙'})""与""frozenset({'牛仔裤'})""捆绑销售",4.938936781609195,0.3034482758620689
frozenset({'水果'}),frozenset({'水果'}),frozenset({'肉类'}),Bundle Sale,"建议将""frozenset({'水果'})""与""frozenset({'肉类'})""捆绑销售",4.938805764902784,0.2964765100671141
frozenset({'肉类'}),frozenset({'肉类'}),frozenset({'水果'}),Bundle Sale,"建议将""frozenset({'肉类'})""与""frozenset({'水果'})""捆绑销售",4.938805764902784,0.2943528235882059
frozenset({'枕头'}),frozenset({'枕头'}),frozenset({'窗帘'}),Bundle Sale,"建议将""frozenset({'枕头'})""与""frozenset({'窗帘'})""捆绑销售",4.938586554899142,0.299327731092437
frozenset({'窗帘'}),frozenset({'窗帘'}),frozenset({'枕头'}),Bundle Sale,"建议将""frozenset({'窗帘'})""与""frozenset({'枕头'})""捆绑销售",4.938586554899142,0.2938459000164989
frozenset({'床单'}),frozenset({'床单'}),frozenset({'地毯'}),Bundle Sale,"建议将""frozenset({'床单'})""与""frozenset({'地毯'})""捆绑销售",4.936821136396928,0.2906306602996871
frozenset({'地毯'}),frozenset({'地毯'}),frozenset({'床单'}),Bundle Sale,"建议将""frozenset({'地毯'})""与""frozenset({'床单'})""捆绑销售",4.936821136396928,0.2998131476133854
frozenset({'香水'}),frozenset({'香水'}),frozenset({'眼影'}),Bundle Sale,"建议将""frozenset({'香水'})""与""frozenset({'眼影'})""捆绑销售",4.935855987724369,0.2964968691826028
frozenset({'眼影'}),frozenset({'眼影'}),frozenset({'香水'}),Bundle Sale,"建议将""frozenset({'眼影'})""与""frozenset({'香水'})""捆绑销售",4.935855987724369,0.2916597303146329
frozenset({'面膜'}),frozenset({'面膜'}),frozenset({'指甲油'}),Bundle Sale,"建议将""frozenset({'面膜'})""与""frozenset({'指甲油'})""捆绑销售",4.935832812948534,0.2968903436988543
frozenset({'指甲油'}),frozenset({'指甲油'}),frozenset({'面膜'}),Bundle Sale,"建议将""frozenset({'指甲油'})""与""frozenset({'面膜'})""捆绑销售",4.935832812948534,0.3015793848711554
frozenset({'粉底液'}),frozenset({'粉底液'}),frozenset({'香水'}),Bundle Sale,"建议将""frozenset({'粉底液'})""与""frozenset({'香水'})""捆绑销售",4.932760082060335,0.2914767932489451
frozenset({'香水'}),frozenset({'香水'}),frozenset({'粉底液'}),Bundle Sale,"建议将""frozenset({'香水'})""与""frozenset({'粉底液'})""捆绑销售",4.932760082060335,0.2922660348620748
frozenset({'耳机'}),frozenset({'耳机'}),frozenset({'平板电脑'}),Bundle Sale,"建议将""frozenset({'耳机'})""与""frozenset({'平板电脑'})""捆绑销售",4.932620626076301,0.2963025210084034
frozenset({'平板电脑'}),frozenset({'平板电脑'}),frozenset({'耳机'}),Bundle Sale,"建议将""frozenset({'平板电脑'})""与""frozenset({'耳机'})""捆绑销售",4.9326206260763,0.2934909272515398
frozenset({'花瓶'}),frozenset({'花瓶'}),frozenset({'地毯'}),Bundle Sale,"建议将""frozenset({'花瓶'})""与""frozenset({'地毯'})""捆绑销售",4.931496438347929,0.2903171953255425
frozenset({'地毯'}),frozenset({'地毯'}),frozenset({'花瓶'}),Bundle Sale,"建议将""frozenset({'地毯'})""与""frozenset({'花瓶'})""捆绑销售",4.931496438347928,0.2953966366570409
frozenset({'花瓶'}),frozenset({'花瓶'}),frozenset({'餐具'}),Bundle Sale,"建议将""frozenset({'花瓶'})""与""frozenset({'餐具'})""捆绑销售",4.930802993208135,0.2929883138564274
frozenset({'餐具'}),frozenset({'餐具'}),frozenset({'花瓶'}),Bundle Sale,"建议将""frozenset({'餐具'})""与""frozenset({'花瓶'})""捆绑销售",4.930802993208134,0.2953550992931673
frozenset({'充电器'}),frozenset({'充电器'}),frozenset({'相机'}),Bundle Sale,"建议将""frozenset({'充电器'})""与""frozenset({'相机'})""捆绑销售",4.930380718476599,0.2929139184846947
frozenset({'相机'}),frozenset({'相机'}),frozenset({'充电器'}),Bundle Sale,"建议将""frozenset({'相机'})""与""frozenset({'充电器'})""捆绑销售",4.930380718476599,0.2915334118835213
frozenset({'牛奶'}),frozenset({'牛奶'}),frozenset({'饼干'}),Bundle Sale,"建议将""frozenset({'牛奶'})""与""frozenset({'饼干'})""捆绑销售",4.928604842841549,0.2925619834710743
frozenset({'饼干'}),frozenset({'饼干'}),frozenset({'牛奶'}),Bundle Sale,"建议将""frozenset({'饼干'})""与""frozenset({'牛奶'})""捆绑销售",4.928604842841549,0.2981805929919137
frozenset({'智能手表'}),frozenset({'智能手表'}),frozenset({'手机'}),Bundle Sale,"建议将""frozenset({'智能手表'})""与""frozenset({'手机'})""捆绑销售",4.928533473840259,0.2947263017356475
frozenset({'手机'}),frozenset({'手机'}),frozenset({'智能手表'}),Bundle Sale,"建议将""frozenset({'手机'})""与""frozenset({'智能手表'})""捆绑销售",4.928533473840259,0.2953177257525083
frozenset({'袜子'}),frozenset({'袜子'}),frozenset({'休闲裤'}),Bundle Sale,"建议将""frozenset({'袜子'})""与""frozenset({'休闲裤'})""捆绑销售",4.926404259411003,0.2958305757776307
frozenset({'休闲裤'}),frozenset({'休闲裤'}),frozenset({'袜子'}),Bundle Sale,"建议将""frozenset({'休闲裤'})""与""frozenset({'袜子'})""捆绑销售",4.926404259411003,0.297751873438801
frozenset({'肉类'}),frozenset({'肉类'}),frozenset({'牛奶'}),Bundle Sale,"建议将""frozenset({'肉类'})""与""frozenset({'牛奶'})""捆绑销售",4.925911699797485,0.2980176578377478
frozenset({'牛奶'}),frozenset({'牛奶'}),frozenset({'肉类'}),Bundle Sale,"建议将""frozenset({'牛奶'})""与""frozenset({'肉类'})""捆绑销售",4.925911699797484,0.2957024793388429
frozenset({'地毯'}),frozenset({'地毯'}),frozenset({'毛巾'}),Bundle Sale,"建议将""frozenset({'地毯'})""与""frozenset({'毛巾'})""捆绑销售",4.924263549423358,0.294717173432988
frozenset({'毛巾'}),frozenset({'毛巾'}),frozenset({'地毯'}),Bundle Sale,"建议将""frozenset({'毛巾'})""与""frozenset({'地毯'})""捆绑销售",4.924263549423358,0.2898913951545531
frozenset({'眼影'}),frozenset({'眼影'}),frozenset({'指甲油'}),Bundle Sale,"建议将""frozenset({'眼影'})""与""frozenset({'指甲油'})""捆绑销售",4.923599109434671,0.2961544864324954
frozenset({'指甲油'}),frozenset({'指甲油'}),frozenset({'眼影'}),Bundle Sale,"建议将""frozenset({'指甲油'})""与""frozenset({'眼影'})""捆绑销售",4.923599109434671,0.2957605985037406
frozenset({'内衣'}),frozenset({'内衣'}),frozenset({'衬衫'}),Bundle Sale,"建议将""frozenset({'内衣'})""与""frozenset({'衬衫'})""捆绑销售",4.922389040824047,0.3011517615176152
frozenset({'衬衫'}),frozenset({'衬衫'}),frozenset({'内衣'}),Bundle Sale,"建议将""frozenset({'衬衫'})""与""frozenset({'内衣'})""捆绑销售",4.922389040824046,0.2906178489702517
frozenset({'洗发水'}),frozenset({'洗发水'}),frozenset({'护肤霜'}),Bundle Sale,"建议将""frozenset({'洗发水'})""与""frozenset({'护肤霜'})""捆绑销售",4.921095434206019,0.2991041804910418
frozenset({'护肤霜'}),frozenset({'护肤霜'}),frozenset({'洗发水'}),Bundle Sale,"建议将""frozenset({'护肤霜'})""与""frozenset({'洗发水'})""捆绑销售",4.921095434206018,0.2966436327739388
frozenset({'外套'}),frozenset({'外套'}),frozenset({'袜子'}),Bundle Sale,"建议将""frozenset({'外套'})""与""frozenset({'袜子'})""捆绑销售",4.920834546880002,0.2974152400134273
frozenset({'袜子'}),frozenset({'袜子'}),frozenset({'外套'}),Bundle Sale,"建议将""frozenset({'袜子'})""与""frozenset({'外套'})""捆绑销售",4.920834546880002,0.2931833223031105
frozenset({'洗发水'}),frozenset({'洗发水'}),frozenset({'指甲油'}),Bundle Sale,"建议将""frozenset({'洗发水'})""与""frozenset({'指甲油'})""捆绑销售",4.920236458179922,0.2959522229595223
frozenset({'指甲油'}),frozenset({'指甲油'}),frozenset({'洗发水'}),Bundle Sale,"建议将""frozenset({'指甲油'})""与""frozenset({'洗发水'})""捆绑销售",4.920236458179921,0.2965918536990856
frozenset({'糖果'}),frozenset({'糖果'}),frozenset({'饼干'}),Bundle Sale,"建议将""frozenset({'糖果'})""与""frozenset({'饼干'})""捆绑销售",4.919182752224444,0.292002688172043
frozenset({'饼干'}),frozenset({'饼干'}),frozenset({'糖果'}),Bundle Sale,"建议将""frozenset({'饼干'})""与""frozenset({'糖果'})""捆绑销售",4.919182752224443,0.2927897574123989
frozenset({'窗帘'}),frozenset({'窗帘'}),frozenset({'餐具'}),Bundle Sale,"建议将""frozenset({'窗帘'})""与""frozenset({'餐具'})""捆绑销售",4.917468987874927,0.2921960072595281
frozenset({'餐具'}),frozenset({'餐具'}),frozenset({'窗帘'}),Bundle Sale,"建议将""frozenset({'餐具'})""与""frozenset({'窗帘'})""捆绑销售",4.917468987874926,0.2980477953550993
frozenset({'防晒霜'}),frozenset({'防晒霜'}),frozenset({'面膜'}),Bundle Sale,"建议将""frozenset({'防晒霜'})""与""frozenset({'面膜'})""捆绑销售",4.917191242701294,0.300440384929049
frozenset({'面膜'}),frozenset({'面膜'}),frozenset({'防晒霜'}),Bundle Sale,"建议将""frozenset({'面膜'})""与""frozenset({'防晒霜'})""捆绑销售",4.917191242701294,0.3014729950900163
frozenset({'牛奶'}),frozenset({'牛奶'}),frozenset({'水果'}),Bundle Sale,"建议将""frozenset({'牛奶'})""与""frozenset({'水果'})""捆绑销售",4.917078040934051,0.2930578512396694
frozenset({'水果'}),frozenset({'水果'}),frozenset({'牛奶'}),Bundle Sale,"建议将""frozenset({'水果'})""与""frozenset({'牛奶'})""捆绑销售",4.917078040934051,0.2974832214765101
frozenset({'牛奶'}),frozenset({'牛奶'}),frozenset({'巧克力'}),Bundle Sale,"建议将""frozenset({'牛奶'})""与""frozenset({'巧克力'})""捆绑销售",4.916779620336933,0.2928925619834711
frozenset({'巧克力'}),frozenset({'巧克力'}),frozenset({'牛奶'}),Bundle Sale,"建议将""frozenset({'巧克力'})""与""frozenset({'牛奶'})""捆绑销售",4.916779620336933,0.2974651670303844
frozenset({'洗面奶'}),frozenset({'洗面奶'}),frozenset({'洗发水'}),Bundle Sale,"建议将""frozenset({'洗面奶'})""与""frozenset({'洗发水'})""捆绑销售",4.915435717042431,0.2963024650233177
frozenset({'洗发水'}),frozenset({'洗发水'}),frozenset({'洗面奶'}),Bundle Sale,"建议将""frozenset({'洗发水'})""与""frozenset({'洗面奶'})""捆绑销售",4.915435717042431,0.2951227604512276
frozenset({'牛奶'}),frozenset({'牛奶'}),frozenset({'零食'}),Bundle Sale,"建议将""frozenset({'牛奶'})""与""frozenset({'零食'})""捆绑销售",4.9151949978396265,0.2952066115702479
frozenset({'零食'}),frozenset({'零食'}),frozenset({'牛奶'}),Bundle Sale,"建议将""frozenset({'零食'})""与""frozenset({'牛奶'})""捆绑销售",4.915194997839626,0.2973692973692973
frozenset({'衬衫'}),frozenset({'衬衫'}),frozenset({'连衣裙'}),Bundle Sale,"建议将""frozenset({'衬衫'})""与""frozenset({'连衣裙'})""捆绑销售",4.914299026641352,0.2992808107224583
frozenset({'连衣裙'}),frozenset({'连衣裙'}),frozenset({'衬衫'}),Bundle Sale,"建议将""frozenset({'连衣裙'})""与""frozenset({'衬衫'})""捆绑销售",4.914299026641351,0.3006568144499179
frozenset({'音箱'}),frozenset({'音箱'}),frozenset({'平板电脑'}),Bundle Sale,"建议将""frozenset({'音箱'})""与""frozenset({'平板电脑'})""捆绑销售",4.913845660373491,0.2951747088186356
frozenset({'平板电脑'}),frozenset({'平板电脑'}),frozenset({'音箱'}),Bundle Sale,"建议将""frozenset({'平板电脑'})""与""frozenset({'音箱'})""捆绑销售",4.91384566037349,0.2953221241884468
frozenset({'糖果'}),frozenset({'糖果'}),frozenset({'巧克力'}),Bundle Sale,"建议将""frozenset({'糖果'})""与""frozenset({'巧克力'})""捆绑销售",4.91312290050018,0.2926747311827957
frozenset({'巧克力'}),frozenset({'巧克力'}),frozenset({'糖果'}),Bundle Sale,"建议将""frozenset({'巧克力'})""与""frozenset({'糖果'})""捆绑销售",4.91312290050018,0.2924290750377707
frozenset({'相机'}),frozenset({'相机'}),frozenset({'音箱'}),Bundle Sale,"建议将""frozenset({'相机'})""与""frozenset({'音箱'})""捆绑销售",4.912420834825872,0.2952364921730349
frozenset({'音箱'}),frozenset({'音箱'}),frozenset({'相机'}),Bundle Sale,"建议将""frozenset({'音箱'})""与""frozenset({'相机'})""捆绑销售",4.912420834825872,0.291846921797005
frozenset({'连衣裙'}),frozenset({'连衣裙'}),frozenset({'毛衣'}),Bundle Sale,"建议将""frozenset({'连衣裙'})""与""frozenset({'毛衣'})""捆绑销售",4.911934091766486,0.2958949096880131
frozenset({'毛衣'}),frozenset({'毛衣'}),frozenset({'连衣裙'}),Bundle Sale,"建议将""frozenset({'毛衣'})""与""frozenset({'连衣裙'})""捆绑销售",4.911934091766486,0.299136786188579
frozenset({'休闲裤'}),frozenset({'休闲裤'}),frozenset({'连衣裙'}),Bundle Sale,"建议将""frozenset({'休闲裤'})""与""frozenset({'连衣裙'})""捆绑销售",4.911068909461053,0.2990840965861782
frozenset({'连衣裙'}),frozenset({'连衣裙'}),frozenset({'休闲裤'}),Bundle Sale,"建议将""frozenset({'连衣裙'})""与""frozenset({'休闲裤'})""捆绑销售",4.911068909461053,0.2949096880131363
frozenset({'护肤霜'}),frozenset({'护肤霜'}),frozenset({'口红'}),Bundle Sale,"建议将""frozenset({'护肤霜'})""与""frozenset({'口红'})""捆绑销售",4.911033708277948,0.2964791049687397
frozenset({'口红'}),frozenset({'口红'}),frozenset({'护肤霜'}),Bundle Sale,"建议将""frozenset({'口红'})""与""frozenset({'护肤霜'})""捆绑销售",4.911033708277948,0.2984926287891337
frozenset({'衬衫'}),frozenset({'衬衫'}),frozenset({'T恤'}),Bundle Sale,"建议将""frozenset({'衬衫'})""与""frozenset({'T恤'})""捆绑销售",4.909819535706792,0.2950310559006211
frozenset({'T恤'}),frozenset({'T恤'}),frozenset({'衬衫'}),Bundle Sale,"建议将""frozenset({'T恤'})""与""frozenset({'衬衫'})""捆绑销售",4.909819535706792,0.3003827591945415
frozenset({'游戏机'}),frozenset({'游戏机'}),frozenset({'手机'}),Bundle Sale,"建议将""frozenset({'游戏机'})""与""frozenset({'手机'})""捆绑销售",4.908595046715997,0.2935339837936166
frozenset({'手机'}),frozenset({'手机'}),frozenset({'游戏机'}),Bundle Sale,"建议将""frozenset({'手机'})""与""frozenset({'游戏机'})""捆绑销售",4.908595046715997,0.2968227424749163
frozenset({'香水'}),frozenset({'香水'}),frozenset({'口红'}),Bundle Sale,"建议将""frozenset({'香水'})""与""frozenset({'口红'})""捆绑销售",4.908524694546657,0.2963276358097817
frozenset({'口红'}),frozenset({'口红'}),frozenset({'香水'}),Bundle Sale,"建议将""frozenset({'口红'})""与""frozenset({'香水'})""捆绑销售",4.908524694546657,0.290044724200762
frozenset({'耳机'}),frozenset({'耳机'}),frozenset({'手机'}),Bundle Sale,"建议将""frozenset({'耳机'})""与""frozenset({'手机'})""捆绑销售",4.904302858267053,0.2932773109243697
frozenset({'手机'}),frozenset({'手机'}),frozenset({'耳机'}),Bundle Sale,"建议将""frozenset({'手机'})""与""frozenset({'耳机'})""捆绑销售",4.904302858267053,0.2918060200668896
frozenset({'面膜'}),frozenset({'面膜'}),frozenset({'洗面奶'}),Bundle Sale,"建议将""frozenset({'面膜'})""与""frozenset({'洗面奶'})""捆绑销售",4.903986540342444,0.2944353518821603
frozenset({'洗面奶'}),frozenset({'洗面奶'}),frozenset({'面膜'}),Bundle Sale,"建议将""frozenset({'洗面奶'})""与""frozenset({'面膜'})""捆绑销售",4.903986540342444,0.2996335776149234
frozenset({'笔记本电脑'}),frozenset({'笔记本电脑'}),frozenset({'充电器'}),Bundle Sale,"建议将""frozenset({'笔记本电脑'})""与""frozenset({'充电器'})""捆绑销售",4.9027858655119125,0.2899017282277194
frozenset({'充电器'}),frozenset({'充电器'}),frozenset({'笔记本电脑'}),Bundle Sale,"建议将""frozenset({'充电器'})""与""frozenset({'笔记本电脑'})""捆绑销售",4.9027858655119125,0.2893624217825131
frozenset({'T恤'}),frozenset({'T恤'}),frozenset({'连衣裙'}),Bundle Sale,"建议将""frozenset({'T恤'})""与""frozenset({'连衣裙'})""捆绑销售",4.902334511369236,0.2985521717423864
frozenset({'连衣裙'}),frozenset({'连衣裙'}),frozenset({'T恤'}),Bundle Sale,"建议将""frozenset({'连衣裙'})""与""frozenset({'T恤'})""捆绑销售",4.902334511369236,0.2945812807881773
frozenset({'巧克力'}),frozenset({'巧克力'}),frozenset({'面包'}),Bundle Sale,"建议将""frozenset({'巧克力'})""与""frozenset({'面包'})""捆绑销售",4.899020940395415,0.2915897263723351
frozenset({'面包'}),frozenset({'面包'}),frozenset({'巧克力'}),Bundle Sale,"建议将""frozenset({'面包'})""与""frozenset({'巧克力'})""捆绑销售",4.899020940395414,0.2918346774193548
frozenset({'速食面'}),frozenset({'速食面'}),frozenset({'牛奶'}),Bundle Sale,"建议将""frozenset({'速食面'})""与""frozenset({'牛奶'})""捆绑销售",4.898603126122889,0.2963654891304347
frozenset({'牛奶'}),frozenset({'牛奶'}),frozenset({'速食面'}),Bundle Sale,"建议将""frozenset({'牛奶'})""与""frozenset({'速食面'})""捆绑销售",4.898603126122889,0.2884297520661157
frozenset({'笔记本电脑'}),frozenset({'笔记本电脑'}),frozenset({'平板电脑'}),Bundle Sale,"建议将""frozenset({'笔记本电脑'})""与""frozenset({'平板电脑'})""捆绑销售",4.896580330967086,0.2941375804811928
frozenset({'平板电脑'}),frozenset({'平板电脑'}),frozenset({'笔记本电脑'}),Bundle Sale,"建议将""frozenset({'平板电脑'})""与""frozenset({'笔记本电脑'})""捆绑销售",4.896580330967085,0.2889961711336773
frozenset({'饼干'}),frozenset({'饼干'}),frozenset({'果汁'}),Bundle Sale,"建议将""frozenset({'饼干'})""与""frozenset({'果汁'})""捆绑销售",4.895523763448292,0.2921159029649596
frozenset({'果汁'}),frozenset({'果汁'}),frozenset({'饼干'}),Bundle Sale,"建议将""frozenset({'果汁'})""与""frozenset({'饼干'})""捆绑销售",4.895523763448292,0.2905982905982906
frozenset({'毛巾'}),frozenset({'毛巾'}),frozenset({'收纳盒'}),Bundle Sale,"建议将""frozenset({'毛巾'})""与""frozenset({'收纳盒'})""捆绑销售",4.893383264684652,0.2950710108604845
frozenset({'收纳盒'}),frozenset({'收纳盒'}),frozenset({'毛巾'}),Bundle Sale,"建议将""frozenset({'收纳盒'})""与""frozenset({'毛巾'})""捆绑销售",4.893383264684652,0.2928689883913764
frozenset({'休闲裤'}),frozenset({'休闲裤'}),frozenset({'外套'}),Bundle Sale,"建议将""frozenset({'休闲裤'})""与""frozenset({'外套'})""捆绑销售",4.891302676884179,0.2914238134887594
frozenset({'外套'}),frozenset({'外套'}),frozenset({'休闲裤'}),Bundle Sale,"建议将""frozenset({'外套'})""与""frozenset({'休闲裤'})""捆绑销售",4.891302676884179,0.2937227257468949
frozenset({'外套'}),frozenset({'外套'}),frozenset({'连衣裙'}),Bundle Sale,"建议将""frozenset({'外套'})""与""frozenset({'连衣裙'})""捆绑销售",4.889177719680896,0.2977509231285666
frozenset({'连衣裙'}),frozenset({'连衣裙'}),frozenset({'外套'}),Bundle Sale,"建议将""frozenset({'连衣裙'})""与""frozenset({'外套'})""捆绑销售",4.889177719680896,0.2912972085385878
frozenset({'收纳盒'}),frozenset({'收纳盒'}),frozenset({'床单'}),Bundle Sale,"建议将""frozenset({'收纳盒'})""与""frozenset({'床单'})""捆绑销售",4.8880139616970855,0.296849087893864
frozenset({'床单'}),frozenset({'床单'}),frozenset({'收纳盒'}),Bundle Sale,"建议将""frozenset({'床单'})""与""frozenset({'收纳盒'})""捆绑销售",4.8880139616970855,0.2947472418903342
frozenset({'相机'}),frozenset({'相机'}),frozenset({'手机'}),Bundle Sale,"建议将""frozenset({'相机'})""与""frozenset({'手机'})""捆绑销售",4.886399652322532,0.2922066992088874
frozenset({'手机'}),frozenset({'手机'}),frozenset({'相机'}),Bundle Sale,"建议将""frozenset({'手机'})""与""frozenset({'相机'})""捆绑销售",4.886399652322532,0.2903010033444816
frozenset({'糖果'}),frozenset({'糖果'}),frozenset({'面包'}),Bundle Sale,"建议将""frozenset({'糖果'})""与""frozenset({'面包'})""捆绑销售",4.886199813562261,0.2908266129032257
frozenset({'面包'}),frozenset({'面包'}),frozenset({'糖果'}),Bundle Sale,"建议将""frozenset({'面包'})""与""frozenset({'糖果'})""捆绑销售",4.886199813562261,0.2908266129032257
frozenset({'T恤'}),frozenset({'T恤'}),frozenset({'袜子'}),Bundle Sale,"建议将""frozenset({'T恤'})""与""frozenset({'袜子'})""捆绑销售",4.881823525466268,0.2950574138791812
frozenset({'袜子'}),frozenset({'袜子'}),frozenset({'T恤'}),Bundle Sale,"建议将""frozenset({'袜子'})""与""frozenset({'T恤'})""捆绑销售",4.881823525466268,0.293348775645268
frozenset({'果汁'}),frozenset({'果汁'}),frozenset({'速食面'}),Bundle Sale,"建议将""frozenset({'果汁'})""与""frozenset({'速食面'})""捆绑销售",4.8813537864049374,0.2874141109435227
frozenset({'速食面'}),frozenset({'速食面'}),frozenset({'果汁'}),Bundle Sale,"建议将""frozenset({'速食面'})""与""frozenset({'果汁'})""捆绑销售",4.881353786404937,0.2912703804347826
frozenset({'马克杯'}),frozenset({'马克杯'}),frozenset({'床单'}),Bundle Sale,"建议将""frozenset({'马克杯'})""与""frozenset({'床单'})""捆绑销售",4.880235313674169,0.2963766905994323
frozenset({'床单'}),frozenset({'床单'}),frozenset({'马克杯'}),Bundle Sale,"建议将""frozenset({'床单'})""与""frozenset({'马克杯'})""捆绑销售",4.880235313674168,0.2922772929359459
frozenset({'相机'}),frozenset({'相机'}),frozenset({'耳机'}),Bundle Sale,"建议将""frozenset({'相机'})""与""frozenset({'耳机'})""捆绑销售",4.8799186397332885,0.2903551590641307
frozenset({'耳机'}),frozenset({'耳机'}),frozenset({'相机'}),Bundle Sale,"建议将""frozenset({'耳机'})""与""frozenset({'相机'})""捆绑销售",4.8799186397332885,0.2899159663865546
frozenset({'外套'}),frozenset({'外套'}),frozenset({'内衣'}),Bundle Sale,"建议将""frozenset({'外套'})""与""frozenset({'内衣'})""捆绑销售",4.878321693589545,0.2880161127895267
frozenset({'内衣'}),frozenset({'内衣'}),frozenset({'外套'}),Bundle Sale,"建议将""frozenset({'内衣'})""与""frozenset({'外套'})""捆绑销售",4.878321693589544,0.290650406504065
frozenset({'智能手表'}),frozenset({'智能手表'}),frozenset({'笔记本电脑'}),Bundle Sale,"建议将""frozenset({'智能手表'})""与""frozenset({'笔记本电脑'})""捆绑销售",4.877733736476377,0.2878838451268358
frozenset({'笔记本电脑'}),frozenset({'笔记本电脑'}),frozenset({'智能手表'}),Bundle Sale,"建议将""frozenset({'笔记本电脑'})""与""frozenset({'智能手表'})""捆绑销售",4.877733736476377,0.2922738054896645
frozenset({'饼干'}),frozenset({'饼干'}),frozenset({'面包'}),Bundle Sale,"建议将""frozenset({'饼干'})""与""frozenset({'面包'})""捆绑销售",4.876727204880734,0.2902628032345013
frozenset({'面包'}),frozenset({'面包'}),frozenset({'饼干'}),Bundle Sale,"建议将""frozenset({'面包'})""与""frozenset({'饼干'})""捆绑销售",4.8767272048807335,0.2894825268817204
frozenset({'充电器'}),frozenset({'充电器'}),frozenset({'音箱'}),Bundle Sale,"建议将""frozenset({'充电器'})""与""frozenset({'音箱'})""捆绑销售",4.876589640187602,0.2930830373752748
frozenset({'音箱'}),frozenset({'音箱'}),frozenset({'充电器'}),Bundle Sale,"建议将""frozenset({'音箱'})""与""frozenset({'充电器'})""捆绑销售",4.876589640187601,0.2883527454242928
frozenset({'T恤'}),frozenset({'T恤'}),frozenset({'毛衣'}),Bundle Sale,"建议将""frozenset({'T恤'})""与""frozenset({'毛衣'})""捆绑销售",4.875930902230098,0.2937260775503411
frozenset({'毛衣'}),frozenset({'毛衣'}),frozenset({'T恤'}),Bundle Sale,"建议将""frozenset({'毛衣'})""与""frozenset({'T恤'})""捆绑销售",4.875930902230098,0.2929946879150066
frozenset({'袜子'}),frozenset({'袜子'}),frozenset({'牛仔裤'}),Bundle Sale,"建议将""frozenset({'袜子'})""与""frozenset({'牛仔裤'})""捆绑销售",4.874195138429297,0.299470549305096
frozenset({'牛仔裤'}),frozenset({'牛仔裤'}),frozenset({'袜子'}),Bundle Sale,"建议将""frozenset({'牛仔裤'})""与""frozenset({'袜子'})""捆绑销售",4.874195138429297,0.2945963541666667
frozenset({'T恤'}),frozenset({'T恤'}),frozenset({'外套'}),Bundle Sale,"建议将""frozenset({'T恤'})""与""frozenset({'外套'})""捆绑销售",4.874080844717035,0.290397736728241
frozenset({'外套'}),frozenset({'外套'}),frozenset({'T恤'}),Bundle Sale,"建议将""frozenset({'外套'})""与""frozenset({'T恤'})""捆绑销售",4.874080844717035,0.2928835179590466
frozenset({'游戏机'}),frozenset({'游戏机'}),frozenset({'充电器'}),Bundle Sale,"建议将""frozenset({'游戏机'})""与""frozenset({'充电器'})""捆绑销售",4.871921736241037,0.2880767322639325
frozenset({'充电器'}),frozenset({'充电器'}),frozenset({'游戏机'}),Bundle Sale,"建议将""frozenset({'充电器'})""与""frozenset({'游戏机'})""捆绑销售",4.871921736241037,0.2946051073904955
frozenset({'衬衫'}),frozenset({'衬衫'}),frozenset({'牛仔裤'}),Bundle Sale,"建议将""frozenset({'衬衫'})""与""frozenset({'牛仔裤'})""捆绑销售",4.871106945352512,0.2992808107224583
frozenset({'牛仔裤'}),frozenset({'牛仔裤'}),frozenset({'衬衫'}),Bundle Sale,"建议将""frozenset({'牛仔裤'})""与""frozenset({'衬衫'})""捆绑销售",4.871106945352511,0.2980143229166666
frozenset({'口红'}),frozenset({'口红'}),frozenset({'洗面奶'}),Bundle Sale,"建议将""frozenset({'口红'})""与""frozenset({'洗面奶'})""捆绑销售",4.869482958575349,0.292363756832864
frozenset({'洗面奶'}),frozenset({'洗面奶'}),frozenset({'口红'}),Bundle Sale,"建议将""frozenset({'洗面奶'})""与""frozenset({'口红'})""捆绑销售",4.869482958575349,0.2939706862091938
frozenset({'零食'}),frozenset({'零食'}),frozenset({'巧克力'}),Bundle Sale,"建议将""frozenset({'零食'})""与""frozenset({'巧克力'})""捆绑销售",4.86894896832785,0.29004329004329
frozenset({'巧克力'}),frozenset({'巧克力'}),frozenset({'零食'}),Bundle Sale,"建议将""frozenset({'巧克力'})""与""frozenset({'零食'})""捆绑销售",4.86894896832785,0.2924290750377707
frozenset({'马克杯'}),frozenset({'马克杯'}),frozenset({'枕头'}),Bundle Sale,"建议将""frozenset({'马克杯'})""与""frozenset({'枕头'})""捆绑销售",4.868870239697149,0.2896977792619803
frozenset({'枕头'}),frozenset({'枕头'}),frozenset({'马克杯'}),Bundle Sale,"建议将""frozenset({'枕头'})""与""frozenset({'马克杯'})""捆绑销售",4.868870239697149,0.2915966386554622
frozenset({'面膜'}),frozenset({'面膜'}),frozenset({'眼影'}),Bundle Sale,"建议将""frozenset({'面膜'})""与""frozenset({'眼影'})""捆绑销售",4.8688423244349135,0.2924713584288052
frozenset({'眼影'}),frozenset({'眼影'}),frozenset({'面膜'}),Bundle Sale,"建议将""frozenset({'眼影'})""与""frozenset({'面膜'})""捆绑销售",4.8688423244349135,0.2974862660229732
frozenset({'连衣裙'}),frozenset({'连衣裙'}),frozenset({'袜子'}),Bundle Sale,"建议将""frozenset({'连衣裙'})""与""frozenset({'袜子'})""捆绑销售",4.868512137048616,0.2942528735632183
frozenset({'袜子'}),frozenset({'袜子'}),frozenset({'连衣裙'}),Bundle Sale,"建议将""frozenset({'袜子'})""与""frozenset({'连衣裙'})""捆绑销售",4.868512137048616,0.2964923891462607
frozenset({'面包'}),frozenset({'面包'}),frozenset({'水果'}),Bundle Sale,"建议将""frozenset({'面包'})""与""frozenset({'水果'})""捆绑销售",4.8683652666522335,0.2901545698924731
frozenset({'水果'}),frozenset({'水果'}),frozenset({'面包'}),Bundle Sale,"建议将""frozenset({'水果'})""与""frozenset({'面包'})""捆绑销售",4.8683652666522335,0.289765100671141
frozenset({'马克杯'}),frozenset({'马克杯'}),frozenset({'毛巾'}),Bundle Sale,"建议将""frozenset({'马克杯'})""与""frozenset({'毛巾'})""捆绑销售",4.868295857917182,0.2913675070963433
frozenset({'毛巾'}),frozenset({'毛巾'}),frozenset({'马克杯'}),Bundle Sale,"建议将""frozenset({'毛巾'})""与""frozenset({'马克杯'})""捆绑销售",4.868295857917181,0.2915622389306599
frozenset({'游戏机'}),frozenset({'游戏机'}),frozenset({'音箱'}),Bundle Sale,"建议将""frozenset({'游戏机'})""与""frozenset({'音箱'})""捆绑销售",4.867583298548503,0.292541756242765
frozenset({'音箱'}),frozenset({'音箱'}),frozenset({'游戏机'}),Bundle Sale,"建议将""frozenset({'音箱'})""与""frozenset({'游戏机'})""捆绑销售",4.867583298548502,0.2943427620632279
frozenset({'面膜'}),frozenset({'面膜'}),frozenset({'粉底液'}),Bundle Sale,"建议将""frozenset({'面膜'})""与""frozenset({'粉底液'})""捆绑销售",4.867168023645267,0.288379705400982
frozenset({'粉底液'}),frozenset({'粉底液'}),frozenset({'面膜'}),Bundle Sale,"建议将""frozenset({'粉底液'})""与""frozenset({'面膜'})""捆绑销售",4.867168023645266,0.2973839662447257
frozenset({'智能手表'}),frozenset({'智能手表'}),frozenset({'耳机'}),Bundle Sale,"建议将""frozenset({'智能手表'})""与""frozenset({'耳机'})""捆绑销售",4.866432554330144,0.2895527369826435
frozenset({'耳机'}),frozenset({'耳机'}),frozenset({'智能手表'}),Bundle Sale,"建议将""frozenset({'耳机'})""与""frozenset({'智能手表'})""捆绑销售",4.866432554330143,0.2915966386554622
frozenset({'衬衫'}),frozenset({'衬衫'}),frozenset({'毛衣'}),Bundle Sale,"建议将""frozenset({'衬衫'})""与""frozenset({'毛衣'})""捆绑销售",4.865033708470032,0.2930696305982347
frozenset({'毛衣'}),frozenset({'毛衣'}),frozenset({'衬衫'}),Bundle Sale,"建议将""frozenset({'毛衣'})""与""frozenset({'衬衫'})""捆绑销售",4.865033708470032,0.2976427622841965
frozenset({'零食'}),frozenset({'零食'}),frozenset({'糖果'}),Bundle Sale,"建议将""frozenset({'零食'})""与""frozenset({'糖果'})""捆绑销售",4.864647001743776,0.2895437895437895
frozenset({'糖果'}),frozenset({'糖果'}),frozenset({'零食'}),Bundle Sale,"建议将""frozenset({'糖果'})""与""frozenset({'零食'})""捆绑销售",4.864647001743775,0.2921706989247311
frozenset({'电视'}),frozenset({'电视'}),frozenset({'相机'}),Bundle Sale,"建议将""frozenset({'电视'})""与""frozenset({'相机'})""捆绑销售",4.861695561914382,0.2888333333333334
frozenset({'相机'}),frozenset({'相机'}),frozenset({'电视'}),Bundle Sale,"建议将""frozenset({'相机'})""与""frozenset({'电视'})""捆绑销售",4.861695561914381,0.2917017337148628
frozenset({'果汁'}),frozenset({'果汁'}),frozenset({'零食'}),Bundle Sale,"建议将""frozenset({'果汁'})""与""frozenset({'零食'})""捆绑销售",4.860789174514665,0.2919389978213508
frozenset({'零食'}),frozenset({'零食'}),frozenset({'果汁'}),Bundle Sale,"建议将""frozenset({'零食'})""与""frozenset({'果汁'})""捆绑销售",4.8607891745146645,0.29004329004329
frozenset({'洗发水'}),frozenset({'洗发水'}),frozenset({'面膜'}),Bundle Sale,"建议将""frozenset({'洗发水'})""与""frozenset({'面膜'})""捆绑销售",4.860025826014333,0.2969475779694757
frozenset({'面膜'}),frozenset({'面膜'}),frozenset({'洗发水'}),Bundle Sale,"建议将""frozenset({'面膜'})""与""frozenset({'洗发水'})""捆绑销售",4.860025826014333,0.292962356792144
frozenset({'内衣'}),frozenset({'内衣'}),frozenset({'毛衣'}),Bundle Sale,"建议将""frozenset({'内衣'})""与""frozenset({'毛衣'})""捆绑销售",4.858614323195025,0.2926829268292683
frozenset({'毛衣'}),frozenset({'毛衣'}),frozenset({'内衣'}),Bundle Sale,"建议将""frozenset({'毛衣'})""与""frozenset({'内衣'})""捆绑销售",4.858614323195024,0.2868525896414342
frozenset({'果汁'}),frozenset({'果汁'}),frozenset({'肉类'}),Bundle Sale,"建议将""frozenset({'果汁'})""与""frozenset({'肉类'})""捆绑销售",4.857634866160015,0.2916038210155857
frozenset({'肉类'}),frozenset({'肉类'}),frozenset({'果汁'}),Bundle Sale,"建议将""frozenset({'肉类'})""与""frozenset({'果汁'})""捆绑销售",4.857634866160015,0.289855072463768
frozenset({'充电器'}),frozenset({'充电器'}),frozenset({'耳机'}),Bundle Sale,"建议将""frozenset({'充电器'})""与""frozenset({'耳机'})""捆绑销售",4.857549310947109,0.2890241840013529
frozenset({'耳机'}),frozenset({'耳机'}),frozenset({'充电器'}),Bundle Sale,"建议将""frozenset({'耳机'})""与""frozenset({'充电器'})""捆绑销售",4.857549310947109,0.2872268907563025
frozenset({'香水'}),frozenset({'香水'}),frozenset({'指甲油'}),Bundle Sale,"建议将""frozenset({'香水'})""与""frozenset({'指甲油'})""捆绑销售",4.856139675631815,0.2920968014892537
frozenset({'指甲油'}),frozenset({'指甲油'}),frozenset({'香水'}),Bundle Sale,"建议将""frozenset({'指甲油'})""与""frozenset({'香水'})""捆绑销售",4.856139675631815,0.2869492934330839
frozenset({'饼干'}),frozenset({'饼干'}),frozenset({'水果'}),Bundle Sale,"建议将""frozenset({'饼干'})""与""frozenset({'水果'})""捆绑销售",4.853221838311113,0.2892520215633423
frozenset({'水果'}),frozenset({'水果'}),frozenset({'饼干'}),Bundle Sale,"建议将""frozenset({'水果'})""与""frozenset({'饼干'})""捆绑销售",4.8532218383111125,0.2880872483221476
frozenset({'面膜'}),frozenset({'面膜'}),frozenset({'口红'}),Bundle Sale,"建议将""frozenset({'面膜'})""与""frozenset({'口红'})""捆绑销售",4.852780466989299,0.292962356792144
frozenset({'口红'}),frozenset({'口红'}),frozenset({'面膜'}),Bundle Sale,"建议将""frozenset({'口红'})""与""frozenset({'面膜'})""捆绑销售",4.852780466989299,0.2965048865330462
frozenset({'餐具'}),frozenset({'餐具'}),frozenset({'灯具'}),Bundle Sale,"建议将""frozenset({'餐具'})""与""frozenset({'灯具'})""捆绑销售",4.8513975461813,0.287445304611242
frozenset({'灯具'}),frozenset({'灯具'}),frozenset({'餐具'}),Bundle Sale,"建议将""frozenset({'灯具'})""与""frozenset({'餐具'})""捆绑销售",4.8513975461813,0.2882700421940928
frozenset({'防晒霜'}),frozenset({'防晒霜'}),frozenset({'指甲油'}),Bundle Sale,"建议将""frozenset({'防晒霜'})""与""frozenset({'指甲油'})""捆绑销售",4.851135359556851,0.2917957918773446
frozenset({'指甲油'}),frozenset({'指甲油'}),frozenset({'防晒霜'}),Bundle Sale,"建议将""frozenset({'指甲油'})""与""frozenset({'防晒霜'})""捆绑销售",4.851135359556851,0.2974231088944306
frozenset({'眼影'}),frozenset({'眼影'}),frozenset({'口红'}),Bundle Sale,"建议将""frozenset({'眼影'})""与""frozenset({'口红'})""捆绑销售",4.8477483022609125,0.2926585650074912
frozenset({'口红'}),frozenset({'口红'}),frozenset({'眼影'}),Bundle Sale,"建议将""frozenset({'口红'})""与""frozenset({'眼影'})""捆绑销售",4.8477483022609125,0.291204240516813
frozenset({'音箱'}),frozenset({'音箱'}),frozenset({'笔记本电脑'}),Bundle Sale,"建议将""frozenset({'音箱'})""与""frozenset({'笔记本电脑'})""捆绑销售",4.843390463538968,0.2858569051580699
frozenset({'笔记本电脑'}),frozenset({'笔记本电脑'}),frozenset({'音箱'}),Bundle Sale,"建议将""frozenset({'笔记本电脑'})""与""frozenset({'音箱'})""捆绑销售",4.843390463538968,0.291087766858692
frozenset({'面包'}),frozenset({'面包'}),frozenset({'速食面'}),Bundle Sale,"建议将""frozenset({'面包'})""与""frozenset({'速食面'})""捆绑销售",4.836586715462833,0.2847782258064515
frozenset({'速食面'}),frozenset({'速食面'}),frozenset({'面包'}),Bundle Sale,"建议将""frozenset({'速食面'})""与""frozenset({'面包'})""捆绑销售",4.836586715462833,0.2878736413043478
frozenset({'耳机'}),frozenset({'耳机'}),frozenset({'音箱'}),Bundle Sale,"建议将""frozenset({'耳机'})""与""frozenset({'音箱'})""捆绑销售",4.835078790251542,0.2905882352941176
frozenset({'音箱'}),frozenset({'音箱'}),frozenset({'耳机'}),Bundle Sale,"建议将""frozenset({'音箱'})""与""frozenset({'耳机'})""捆绑销售",4.835078790251542,0.2876871880199667
frozenset({'糖果'}),frozenset({'糖果'}),frozenset({'水果'}),Bundle Sale,"建议将""frozenset({'糖果'})""与""frozenset({'水果'})""捆绑销售",4.834537598325755,0.288138440860215
frozenset({'水果'}),frozenset({'水果'}),frozenset({'糖果'}),Bundle Sale,"建议将""frozenset({'水果'})""与""frozenset({'糖果'})""捆绑销售",4.834537598325755,0.2877516778523489
frozenset({'防晒霜'}),frozenset({'防晒霜'}),frozenset({'粉底液'}),Bundle Sale,"建议将""frozenset({'防晒霜'})""与""frozenset({'粉底液'})""捆绑销售",4.831227069736904,0.2862502038819116
frozenset({'粉底液'}),frozenset({'粉底液'}),frozenset({'防晒霜'}),Bundle Sale,"建议将""frozenset({'粉底液'})""与""frozenset({'防晒霜'})""捆绑销售",4.831227069736904,0.2962025316455696
frozenset({'零食'}),frozenset({'零食'}),frozenset({'速食面'}),Bundle Sale,"建议将""frozenset({'零食'})""与""frozenset({'速食面'})""捆绑销售",4.829862166818689,0.2843822843822844
frozenset({'速食面'}),frozenset({'速食面'}),frozenset({'零食'}),Bundle Sale,"建议将""frozenset({'速食面'})""与""frozenset({'零食'})""捆绑销售",4.829862166818688,0.2900815217391304
frozenset({'护肤霜'}),frozenset({'护肤霜'}),frozenset({'香水'}),Bundle Sale,"建议将""frozenset({'护肤霜'})""与""frozenset({'香水'})""捆绑销售",4.825295082247476,0.2851266864100033
frozenset({'香水'}),frozenset({'香水'}),frozenset({'护肤霜'}),Bundle Sale,"建议将""frozenset({'香水'})""与""frozenset({'护肤霜'})""捆绑销售",4.825295082247475,0.2932814350990015
frozenset({'窗帘'}),frozenset({'窗帘'}),frozenset({'毛巾'}),Bundle Sale,"建议将""frozenset({'窗帘'})""与""frozenset({'毛巾'})""捆绑销售",4.818734401311534,0.2884012539184953
frozenset({'毛巾'}),frozenset({'毛巾'}),frozenset({'窗帘'}),Bundle Sale,"建议将""frozenset({'毛巾'})""与""frozenset({'窗帘'})""捆绑销售",4.818734401311533,0.292063492063492
frozenset({'指甲油'}),frozenset({'指甲油'}),frozenset({'洗面奶'}),Bundle Sale,"建议将""frozenset({'指甲油'})""与""frozenset({'洗面奶'})""捆绑销售",4.81529908296104,0.2891105569409808
frozenset({'洗面奶'}),frozenset({'洗面奶'}),frozenset({'指甲油'}),Bundle Sale,"建议将""frozenset({'洗面奶'})""与""frozenset({'指甲油'})""捆绑销售",4.81529908296104,0.2896402398401065
frozenset({'洗发水'}),frozenset({'洗发水'}),frozenset({'粉底液'}),Bundle Sale,"建议将""frozenset({'洗发水'})""与""frozenset({'粉底液'})""捆绑销售",4.812982453193117,0.2851692103516921
frozenset({'粉底液'}),frozenset({'粉底液'}),frozenset({'洗发水'}),Bundle Sale,"建议将""frozenset({'粉底液'})""与""frozenset({'洗发水'})""捆绑销售",4.812982453193116,0.290126582278481
frozenset({'充电器'}),frozenset({'充电器'}),frozenset({'电视'}),Bundle Sale,"建议将""frozenset({'充电器'})""与""frozenset({'电视'})""捆绑销售",4.811432437003213,0.2886859462201928
frozenset({'电视'}),frozenset({'电视'}),frozenset({'充电器'}),Bundle Sale,"建议将""frozenset({'电视'})""与""frozenset({'充电器'})""捆绑销售",4.811432437003213,0.2845
frozenset({'手机'}),frozenset({'手机'}),frozenset({'电视'}),Bundle Sale,"建议将""frozenset({'手机'})""与""frozenset({'电视'})""捆绑销售",4.804905239687849,0.2882943143812709
frozenset({'电视'}),frozenset({'电视'}),frozenset({'手机'}),Bundle Sale,"建议将""frozenset({'电视'})""与""frozenset({'手机'})""捆绑销售",4.804905239687848,0.2873333333333333
frozenset({'眼影'}),frozenset({'眼影'}),frozenset({'护肤霜'}),Bundle Sale,"建议将""frozenset({'眼影'})""与""frozenset({'护肤霜'})""捆绑销售",4.8040913986879294,0.2919926752122523
frozenset({'护肤霜'}),frozenset({'护肤霜'}),frozenset({'眼影'}),Bundle Sale,"建议将""frozenset({'护肤霜'})""与""frozenset({'眼影'})""捆绑销售",4.8040913986879294,0.2885817703191839
frozenset({'连衣裙'}),frozenset({'连衣裙'}),frozenset({'羽绒服'}),Bundle Sale,"建议将""frozenset({'连衣裙'})""与""frozenset({'羽绒服'})""捆绑销售",4.803045947843199,0.2839080459770114
frozenset({'羽绒服'}),frozenset({'羽绒服'}),frozenset({'连衣裙'}),Bundle Sale,"建议将""frozenset({'羽绒服'})""与""frozenset({'连衣裙'})""捆绑销售",4.803045947843199,0.2925054982236508
frozenset({'灯具'}),frozenset({'灯具'}),frozenset({'马克杯'}),Bundle Sale,"建议将""frozenset({'灯具'})""与""frozenset({'马克杯'})""捆绑销售",4.802052708446499,0.2875949367088607
frozenset({'马克杯'}),frozenset({'马克杯'}),frozenset({'灯具'}),Bundle Sale,"建议将""frozenset({'马克杯'})""与""frozenset({'灯具'})""捆绑销售",4.802052708446499,0.284521622975455
frozenset({'防晒霜'}),frozenset({'防晒霜'}),frozenset({'洗面奶'}),Bundle Sale,"建议将""frozenset({'防晒霜'})""与""frozenset({'洗面奶'})""捆绑销售",4.800257665443719,0.2882074702332409
frozenset({'洗面奶'}),frozenset({'洗面奶'}),frozenset({'防晒霜'}),Bundle Sale,"建议将""frozenset({'洗面奶'})""与""frozenset({'防晒霜'})""捆绑销售",4.800257665443719,0.2943037974683544
frozenset({'地毯'}),frozenset({'地毯'}),frozenset({'餐具'}),Bundle Sale,"建议将""frozenset({'地毯'})""与""frozenset({'餐具'})""捆绑销售",4.796950900205869,0.2850348224902327
frozenset({'餐具'}),frozenset({'餐具'}),frozenset({'地毯'}),Bundle Sale,"建议将""frozenset({'餐具'})""与""frozenset({'地毯'})""捆绑销售",4.796950900205869,0.2823964994951194
frozenset({'外套'}),frozenset({'外套'}),frozenset({'毛衣'}),Bundle Sale,"建议将""frozenset({'外套'})""与""frozenset({'毛衣'})""捆绑销售",4.792288828350022,0.2886874790198053
frozenset({'毛衣'}),frozenset({'毛衣'}),frozenset({'外套'}),Bundle Sale,"建议将""frozenset({'毛衣'})""与""frozenset({'外套'})""捆绑销售",4.792288828350021,0.2855245683930942
frozenset({'洗发水'}),frozenset({'洗发水'}),frozenset({'眼影'}),Bundle Sale,"建议将""frozenset({'洗发水'})""与""frozenset({'眼影'})""捆绑销售",4.78870647372359,0.287657597876576
frozenset({'眼影'}),frozenset({'眼影'}),frozenset({'洗发水'}),Bundle Sale,"建议将""frozenset({'眼影'})""与""frozenset({'洗发水'})""捆绑销售",4.788706473723589,0.2886632262360579
frozenset({'肉类'}),frozenset({'肉类'}),frozenset({'巧克力'}),Bundle Sale,"建议将""frozenset({'肉类'})""与""frozenset({'巧克力'})""捆绑销售",4.7651178607439615,0.2838580709645177
frozenset({'巧克力'}),frozenset({'巧克力'}),frozenset({'肉类'}),Bundle Sale,"建议将""frozenset({'巧克力'})""与""frozenset({'肉类'})""捆绑销售",4.765117860743961,0.2860500251804599
frozenset({'T恤'}),frozenset({'T恤'}),frozenset({'羽绒服'}),Bundle Sale,"建议将""frozenset({'T恤'})""与""frozenset({'羽绒服'})""捆绑销售",4.757990178776272,0.2812447994674654
frozenset({'羽绒服'}),frozenset({'羽绒服'}),frozenset({'T恤'}),Bundle Sale,"建议将""frozenset({'羽绒服'})""与""frozenset({'T恤'})""捆绑销售",4.757990178776272,0.2859076298426661
